{
  "uuid": "fb11241e-a7ac-3570-bb64-18383497d7be",
  "starterPrompted": true,
  "starterLocked": false,
  "starterSelected": true,
  "starterUUID": "fffc4e93-bff7-4a3d-88dc-e1efba995f3c",
  "keyItems": [],
  "battleTheme": "cobblemon:battle.pvp.default",
  "extraData": {},
  "advancementData": {
    "totalCaptureCount": 2,
    "totalEggsHatched": 0,
    "totalEvolvedCount": 1,
    "totalBattleVictoryCount": 16,
    "totalPvPBattleVictoryCount": 0,
    "totalPvWBattleVictoryCount": 16,
    "totalPvNBattleVictoryCount": 0,
    "totalShinyCaptureCount": 0,
    "totalTradedCount": 0,
    "totalTypeCaptureCounts": {
      "normal": 1,
      "flying": 1,
      "water": 1
    },
    "totalDefeatedCounts": {
      "cobblemon:starly": 1,
      "cobblemon:rookidee": 2,
      "cobblemon:petilil": 1,
      "cobblemon:spinarak": 1,
      "cobblemon:deerling": 1,
      "cobblemon:sentret": 2,
      "cobblemon:zigzagoon": 1,
      "cobblemon:buneary": 1,
      "cobblemon:caterpie": 1,
      "cobblemon:zubat": 2,
      "cobblemon:combee": 1
    },
    "aspectsCollected": {}
  }
}