{
  "uuid": "fb11241e-a7ac-3570-bb64-18383497d7be",
  "starterPrompted": true,
  "starterLocked": false,
  "starterSelected": true,
  "starterUUID": "fffc4e93-bff7-4a3d-88dc-e1efba995f3c",
  "keyItems": [],
  "battleTheme": "cobblemon:battle.pvp.default",
  "extraData": {},
  "advancementData": {
    "totalCaptureCount": 3,
    "totalEggsHatched": 0,
    "totalEvolvedCount": 1,
    "totalBattleVictoryCount": 51,
    "totalPvPBattleVictoryCount": 1,
    "totalPvWBattleVictoryCount": 50,
    "totalPvNBattleVictoryCount": 0,
    "totalShinyCaptureCount": 0,
    "totalTradedCount": 0,
    "totalTypeCaptureCounts": {
      "normal": 1,
      "flying": 2,
      "water": 1,
      "dark": 1
    },
    "totalDefeatedCounts": {
      "cobblemon:starly": 1,
      "cobblemon:rookidee": 4,
      "cobblemon:petilil": 2,
      "cobblemon:spinarak": 2,
      "cobblemon:deerling": 1,
      "cobblemon:sentret": 2,
      "cobblemon:zigzagoon": 3,
      "cobblemon:buneary": 2,
      "cobblemon:caterpie": 3,
      "cobblemon:zubat": 4,
      "cobblemon:combee": 1,
      "cobblemon:beedrill": 1,
      "cobblemon:wooloo": 1,
      "cobblemon:vulpix": 2,
      "cobblemon:ponyta": 1,
      "cobblemon:rattata": 1,
      "cobblemon:hoothoot": 2,
      "cobblemon:bunnelby": 1,
      "cobblemon:weedle": 2,
      "cobblemon:murkrow": 6,
      "cobblemon:phantump": 1,
      "cobblemon:fletchling": 1,
      "cobblemon:kakuna": 1,
      "cobblemon:seedot": 1,
      "cobblemon:snorunt": 1
    },
    "aspectsCollected": {}
  }
}