{"stats":{"minecraft:picked_up":{"minecraft:wooden_axe":1,"minecraft:crafting_table":2,"minecraft:stick":1,"minecraft:raw_iron":5,"minecraft:feather":7,"minecraft:chicken":7,"minecraft:sweet_berries":2,"cobblemon:red_apricorn":5,"minecraft:wooden_pickaxe":1,"cobblemon:blue_apricorn_seed":1,"cobblemon:pink_apricorn":2,"minecraft:spruce_sapling":4,"minecraft:spruce_log":14,"minecraft:dirt":2,"minecraft:string":1,"cobblemon:white_apricorn":1,"minecraft:rotten_flesh":2,"cobblemon:black_apricorn":1,"cobblemon:pink_mint_leaf":3,"cobblemon:green_apricorn":3,"cobblemon:pink_mint_seeds":4,"cobblemon:oran_berry":3,"minecraft:gray_wool":1,"cobblemon:medicinal_leek":17,"minecraft:mutton":6,"cobblemon:blue_apricorn":3,"minecraft:coal":13,"minecraft:white_wool":2,"minecraft:cobblestone":12,"minecraft:egg":3},"minecraft:mined":{"minecraft:iron_ore":5,"minecraft:sweet_berry_bush":1,"minecraft:spruce_log":14,"cobblemon:pink_mint":3,"cobblemon:medicinal_leek":9,"minecraft:crafting_table":2,"minecraft:grass":2,"minecraft:grass_block":2,"minecraft:coal_ore":13,"minecraft:tall_grass":1,"minecraft:stone":12,"cobblemon:oran_berry":2,"minecraft:oak_leaves":1},"minecraft:used":{"minecraft:wooden_axe":1,"minecraft:stone_pickaxe":24,"minecraft:wooden_pickaxe":6,"minecraft:spruce_planks":1,"minecraft:stone_axe":32,"minecraft:dirt":2,"minecraft:cobblestone":6,"minecraft:sweet_berries":3,"minecraft:crafting_table":2,"tombstone:gift":2,"minecraft:spruce_log":1},"minecraft:killed":{"minecraft:sheep":4,"minecraft:zombie":1,"cobblemon:pokemon":1,"minecraft:fox":1,"minecraft:chicken":6},"minecraft:custom":{"minecraft:time_since_rest":6318,"minecraft:sprint_one_cm":74508,"minecraft:damage_taken":210,"minecraft:walk_one_cm":61044,"minecraft:mob_kills":13,"minecraft:drop":6,"minecraft:damage_dealt":1517,"minecraft:swim_one_cm":6608,"minecraft:interact_with_crafting_table":4,"minecraft:fly_one_cm":121870,"minecraft:crouch_one_cm":2792,"minecraft:play_time":27523,"tombstone:undead_killed":1,"minecraft:deaths":1,"minecraft:sneak_time":1051,"minecraft:walk_under_water_one_cm":1656,"minecraft:jump":627,"minecraft:leave_game":3,"minecraft:time_since_death":7455,"minecraft:walk_on_water_one_cm":4660,"minecraft:total_world_time":27523,"minecraft:fall_one_cm":17577},"minecraft:dropped":{"minecraft:wooden_axe":2,"minecraft:chicken":1,"minecraft:feather":1,"minecraft:wooden_pickaxe":2},"minecraft:crafted":{"minecraft:crafting_table":1,"minecraft:spruce_planks":16,"minecraft:stick":8,"minecraft:wooden_pickaxe":1,"minecraft:stone_pickaxe":1,"minecraft:wooden_axe":1,"minecraft:stone_axe":1}},"DataVersion":3465}