{"stats":{"minecraft:killed":{"cobblemon:pokemon":3,"duckling:duck":1,"minecraft:sheep":5,"minecraft:zombie":1,"minecraft:chicken":8,"minecraft:fox":1,"minecraft:cow":9},"minecraft:used":{"minecraft:stone_pickaxe":46,"minecraft:spruce_planks":12,"minecraft:wooden_pickaxe":6,"minecraft:blue_bed":1,"minecraft:iron_chestplate":1,"minecraft:dirt":5,"minecraft:crafting_table":5,"minecraft:spruce_log":1,"minecraft:wooden_axe":1,"minecraft:spruce_boat":2,"duckling:raw_duck":1,"minecraft:bread":5,"minecraft:iron_boots":1,"minecraft:stone_axe":96,"minecraft:cobblestone":6,"minecraft:sweet_berries":5,"tombstone:gift":2,"minecraft:cooked_beef":4},"minecraft:custom":{"minecraft:mob_kills":28,"minecraft:interact_with_crafting_table":9,"vampirism:interact_with_research_table":1,"minecraft:open_barrel":1,"minecraft:interact_with_campfire":4,"minecraft:leave_game":4,"minecraft:time_since_death":24927,"minecraft:sleep_in_bed":1,"minecraft:climb_one_cm":5428,"minecraft:time_since_rest":17199,"minecraft:sprint_one_cm":244886,"minecraft:damage_taken":1101,"minecraft:walk_one_cm":156139,"minecraft:drop":27,"minecraft:damage_dealt":2984,"minecraft:swim_one_cm":44817,"minecraft:talked_to_villager":3,"minecraft:fly_one_cm":417143,"minecraft:open_chest":11,"minecraft:crouch_one_cm":3145,"minecraft:play_time":78829,"tombstone:undead_killed":1,"minecraft:deaths":3,"minecraft:sneak_time":1659,"minecraft:walk_under_water_one_cm":8090,"minecraft:boat_one_cm":38655,"minecraft:jump":1823,"minecraft:walk_on_water_one_cm":15132,"minecraft:total_world_time":78829,"minecraft:fall_one_cm":52020},"minecraft:dropped":{"vampirism:item_garlic":3,"minecraft:bread":1,"minecraft:stone_axe":1,"minecraft:porkchop":1,"minecraft:wheat_seeds":1,"vampirism:armor_of_swiftness_head_ultimate":1,"vampirism:hunter_coat_head_ultimate":1,"minecraft:chicken":1,"minecraft:feather":1,"minecraft:rotten_flesh":2,"minecraft:light_gray_wool":1,"minecraft:stick":3,"minecraft:dirt":9,"minecraft:spruce_boat":4,"minecraft:spruce_planks":3,"minecraft:wooden_axe":2,"minecraft:rabbit":1,"minecraft:ladder":2,"minecraft:wooden_pickaxe":2,"vampirism:garlic_bread":1},"minecraft:killed_by":{"minecraft:zombie":1},"minecraft:crafted":{"minecraft:crafting_table":2,"minecraft:spruce_planks":52,"minecraft:wooden_pickaxe":1,"cobblemon:park_ball":4,"minecraft:stone_axe":1,"minecraft:stick":8,"minecraft:stone_pickaxe":1,"minecraft:wooden_axe":1,"minecraft:spruce_boat":1},"minecraft:mined":{"minecraft:dark_oak_log":45,"minecraft:crafting_table":2,"minecraft:ladder":2,"minecraft:grass_block":8,"minecraft:tall_grass":1,"minecraft:spruce_leaves":1,"cobblemon:oran_berry":2,"cobblemon:relic_coin_pouch":9,"minecraft:blue_bed":2,"minecraft:tall_seagrass":1,"minecraft:iron_ore":5,"minecraft:sweet_berry_bush":18,"cobblemon:pink_mint":3,"minecraft:spruce_log":14,"minecraft:birch_leaves":1,"cobblemon:medicinal_leek":20,"minecraft:grass":4,"minecraft:coal_ore":13,"minecraft:dirt":1,"minecraft:stone":12,"minecraft:oak_leaves":6,"minecraft:fern":1},"minecraft:picked_up":{"minecraft:crafting_table":3,"minecraft:feather":10,"minecraft:cooked_beef":4,"minecraft:chicken":9,"minecraft:ladder":2,"minecraft:leather":8,"cobblemon:red_apricorn":5,"minecraft:wooden_pickaxe":1,"minecraft:dirt":14,"cobblemon:wepear_berry":7,"minecraft:blue_bed":2,"minecraft:string":1,"cobblemon:white_apricorn":4,"minecraft:wheat_seeds":1,"cobblemon:black_apricorn":1,"cobblemon:green_apricorn":6,"minecraft:spruce_planks":3,"minecraft:beef":17,"cobblemon:pink_mint_seeds":4,"cobblemon:oran_berry":7,"cobblemon:relic_coin":52,"minecraft:light_gray_wool":1,"minecraft:rabbit":1,"duckling:raw_duck":1,"minecraft:egg":3,"minecraft:dark_oak_sapling":3,"minecraft:stick":3,"minecraft:raw_iron":5,"minecraft:sweet_berries":43,"cobblemon:blue_apricorn_seed":1,"minecraft:porkchop":1,"cobblemon:pink_apricorn":2,"cobblemon:persim_berry":5,"minecraft:spruce_sapling":4,"vampirism:vampire_fang":1,"minecraft:spruce_log":14,"minecraft:rotten_flesh":2,"minecraft:spruce_boat":5,"cobblemon:pink_mint_leaf":3,"waystones:waystone":5,"minecraft:gray_wool":1,"cobblemon:medicinal_leek":32,"minecraft:mutton":8,"cobblemon:blue_apricorn":3,"minecraft:coal":13,"minecraft:white_wool":3,"minecraft:cobblestone":12,"minecraft:wooden_axe":1}},"DataVersion":3465}