{"stats":{"minecraft:killed":{"minecraft:spider":1,"minecraft:skeleton":1,"minecraft:fox":1,"minecraft:chicken":8,"cobblemon:pokemon":3,"duckling:duck":1,"minecraft:sheep":5,"minecraft:zombie":3,"minecraft:cow":9},"minecraft:used":{"minecraft:spruce_planks":39,"minecraft:iron_chestplate":1,"minecraft:dirt":5,"minecraft:spruce_boat":2,"minecraft:stone_brick_slab":1,"minecraft:wooden_axe":1,"minecraft:iron_axe":15,"minecraft:iron_boots":1,"minecraft:sweet_berries":5,"tombstone:gift":2,"minecraft:cooked_beef":4,"minecraft:cooked_mutton":2,"minecraft:stone_pickaxe":127,"minecraft:wooden_pickaxe":6,"minecraft:blue_bed":3,"minecraft:cracked_stone_bricks":2,"cobblemon:relic_coin_pouch":3,"minecraft:crafting_table":6,"minecraft:spruce_log":3,"duckling:raw_duck":1,"minecraft:bread":5,"minecraft:gravel":28,"minecraft:polished_andesite_slab":4,"minecraft:stone_axe":96,"minecraft:cobblestone":6},"minecraft:custom":{"minecraft:mob_kills":32,"minecraft:interact_with_crafting_table":12,"minecraft:open_barrel":1,"minecraft:interact_with_campfire":4,"minecraft:leave_game":4,"minecraft:time_since_death":6037,"minecraft:climb_one_cm":5428,"minecraft:sprint_one_cm":270555,"minecraft:walk_one_cm":201998,"minecraft:drop":44,"minecraft:talked_to_villager":3,"minecraft:play_time":102829,"minecraft:deaths":4,"minecraft:sneak_time":2906,"minecraft:walk_under_water_one_cm":9960,"minecraft:boat_one_cm":38655,"minecraft:jump":2163,"minecraft:interact_with_blast_furnace":1,"minecraft:walk_on_water_one_cm":16231,"minecraft:total_world_time":102829,"vampirism:interact_with_research_table":1,"minecraft:sleep_in_bed":1,"minecraft:time_since_rest":5809,"minecraft:damage_taken":1496,"minecraft:damage_dealt":3795,"minecraft:fly_one_cm":450094,"minecraft:swim_one_cm":52268,"minecraft:open_chest":11,"minecraft:crouch_one_cm":4926,"tombstone:undead_killed":4,"minecraft:fall_one_cm":62619},"minecraft:dropped":{"vampirism:item_garlic":3,"minecraft:bread":1,"minecraft:porkchop":1,"minecraft:wheat_seeds":1,"minecraft:feather":1,"minecraft:stick":9,"minecraft:dirt":9,"minecraft:wooden_axe":2,"minecraft:rabbit":1,"tombstone:grave_dust":1,"minecraft:string":1,"vampirism:garlic_bread":1,"minecraft:gravel":1,"cobblemon:relic_coin":210,"minecraft:stone_axe":1,"minecraft:sweet_berries":39,"vampirism:armor_of_swiftness_head_ultimate":1,"vampirism:hunter_coat_head_ultimate":1,"minecraft:chicken":1,"minecraft:rotten_flesh":2,"minecraft:light_gray_wool":1,"minecraft:spruce_boat":4,"minecraft:spruce_planks":3,"minecraft:ladder":2,"minecraft:spider_eye":1,"minecraft:spruce_log":1,"minecraft:wooden_pickaxe":2,"minecraft:stone_brick_stairs":2,"minecraft:brick":3,"minecraft:egg":4},"minecraft:killed_by":{"minecraft:zombie":1},"minecraft:crafted":{"usefulbackpacks:backpack_small":1,"minecraft:iron_axe":1,"minecraft:stone_pickaxe":1,"minecraft:spruce_boat":1,"minecraft:crafting_table":3,"minecraft:spruce_planks":72,"minecraft:wooden_pickaxe":1,"cobblemon:park_ball":4,"minecraft:stone_axe":1,"minecraft:stick":16,"minecraft:wooden_axe":1,"minecraft:shears":1,"cobblemon:relic_coin_pouch":1},"minecraft:mined":{"minecraft:spruce_planks":4,"minecraft:mossy_cobblestone":1,"minecraft:dark_oak_log":45,"minecraft:ladder":2,"minecraft:grass_block":10,"minecraft:decorated_pot":2,"minecraft:polished_andesite_slab":8,"minecraft:spruce_leaves":2,"minecraft:chiseled_stone_bricks":1,"minecraft:tall_seagrass":1,"minecraft:iron_ore":10,"cobblemon:pink_mint":3,"cobblemon:medicinal_leek":20,"minecraft:stone":16,"minecraft:stone_brick_slab":2,"minecraft:crafting_table":2,"cobblemon:apricorn_leaves":3,"minecraft:tall_grass":1,"cobblemon:oran_berry":2,"cobblemon:relic_coin_pouch":16,"minecraft:blue_bed":4,"minecraft:sweet_berry_bush":18,"minecraft:spruce_log":21,"minecraft:birch_leaves":1,"minecraft:stone_brick_stairs":1,"minecraft:grass":4,"minecraft:coal_ore":13,"cobblemon:thunder_stone_ore":1,"minecraft:gravel":35,"minecraft:dirt":4,"minecraft:cracked_stone_bricks":10,"minecraft:stone_bricks":6,"minecraft:mossy_stone_bricks":6,"minecraft:fern":1,"minecraft:oak_leaves":6,"minecraft:gray_candle":1,"minecraft:suspicious_gravel":12},"minecraft:broken":{"minecraft:stone_pickaxe":1},"minecraft:picked_up":{"minecraft:crafting_table":3,"minecraft:ladder":2,"minecraft:chicken":9,"cobblemon:red_apricorn":6,"minecraft:wooden_pickaxe":1,"minecraft:stone_brick_stairs":2,"minecraft:brick":7,"cobblemon:wepear_berry":7,"minecraft:string":4,"cobblemon:white_apricorn":4,"minecraft:cracked_stone_bricks":2,"cobblemon:green_apricorn":6,"minecraft:spruce_planks":7,"minecraft:beef":17,"cobblemon:oran_berry":7,"cobblemon:relic_coin":275,"minecraft:light_gray_wool":1,"duckling:raw_duck":1,"minecraft:egg":4,"minecraft:dark_oak_sapling":3,"minecraft:stick":10,"minecraft:raw_iron":10,"cobblemon:park_ball":1,"minecraft:porkchop":1,"tombstone:grave_dust":1,"vampirism:vampire_fang":1,"minecraft:rotten_flesh":2,"cobblemon:pink_mint_leaf":3,"cobblemon:relic_coin_pouch":2,"minecraft:mutton":8,"cobblemon:blue_apricorn":3,"minecraft:white_wool":5,"minecraft:cobblestone":12,"minecraft:feather":10,"minecraft:cooked_beef":4,"minecraft:leather":8,"minecraft:flint":4,"minecraft:blue_bed":4,"minecraft:dirt":14,"cobblemon:black_apricorn":1,"minecraft:wheat_seeds":1,"cobblemon:pink_mint_seeds":4,"cobblemon:thunder_stone":1,"minecraft:rabbit":1,"minecraft:polished_andesite_slab":4,"minecraft:sweet_berries":43,"minecraft:stone_brick_slab":1,"cobblemon:blue_apricorn_seed":1,"minecraft:gravel":29,"cobblemon:persim_berry":5,"minecraft:spruce_sapling":6,"cobblemon:pink_apricorn":2,"minecraft:spruce_log":22,"minecraft:spider_eye":1,"cobblemon:aspear_berry":6,"minecraft:spruce_boat":5,"waystones:waystone":5,"minecraft:gray_wool":1,"cobblemon:medicinal_leek":32,"minecraft:coal":13,"minecraft:wooden_axe":1}},"DataVersion":3465}