{"stats":{"minecraft:picked_up":{"minecraft:wooden_axe":1,"minecraft:raw_iron":5,"minecraft:stick":1,"minecraft:crafting_table":2,"minecraft:feather":7,"minecraft:chicken":7,"minecraft:sweet_berries":2,"cobblemon:red_apricorn":5,"minecraft:wooden_pickaxe":1,"minecraft:spruce_sapling":4,"minecraft:spruce_log":14,"minecraft:dirt":1,"minecraft:string":1,"minecraft:rotten_flesh":2,"cobblemon:black_apricorn":1,"cobblemon:pink_mint_leaf":3,"cobblemon:green_apricorn":3,"cobblemon:pink_mint_seeds":4,"cobblemon:medicinal_leek":17,"minecraft:coal":13,"minecraft:cobblestone":12,"minecraft:egg":3},"minecraft:mined":{"minecraft:iron_ore":5,"minecraft:sweet_berry_bush":1,"cobblemon:pink_mint":3,"minecraft:spruce_log":14,"minecraft:crafting_table":2,"cobblemon:medicinal_leek":9,"minecraft:grass":1,"minecraft:grass_block":1,"minecraft:coal_ore":13,"minecraft:stone":12,"cobblemon:oran_berry":2},"minecraft:used":{"minecraft:wooden_axe":1,"minecraft:stone_pickaxe":24,"minecraft:wooden_pickaxe":6,"minecraft:spruce_planks":1,"minecraft:stone_axe":21,"minecraft:dirt":1,"minecraft:cobblestone":6,"minecraft:sweet_berries":3,"minecraft:crafting_table":2,"minecraft:spruce_log":1},"minecraft:killed":{"minecraft:zombie":1,"minecraft:fox":1,"minecraft:chicken":6},"minecraft:custom":{"minecraft:time_since_rest":1,"minecraft:sprint_one_cm":47609,"minecraft:damage_taken":200,"minecraft:walk_one_cm":46357,"minecraft:mob_kills":8,"minecraft:drop":6,"minecraft:damage_dealt":647,"minecraft:swim_one_cm":6608,"minecraft:interact_with_crafting_table":4,"minecraft:fly_one_cm":74105,"minecraft:crouch_one_cm":2779,"minecraft:play_time":21035,"tombstone:undead_killed":1,"minecraft:deaths":1,"minecraft:sneak_time":1035,"minecraft:walk_under_water_one_cm":1106,"minecraft:jump":409,"minecraft:leave_game":2,"minecraft:time_since_death":967,"minecraft:walk_on_water_one_cm":2771,"minecraft:total_world_time":21035,"minecraft:fall_one_cm":9339},"minecraft:dropped":{"minecraft:wooden_axe":2,"minecraft:chicken":1,"minecraft:feather":1,"minecraft:wooden_pickaxe":2},"minecraft:crafted":{"minecraft:crafting_table":1,"minecraft:spruce_planks":16,"minecraft:stick":8,"minecraft:wooden_pickaxe":1,"minecraft:stone_pickaxe":1,"minecraft:wooden_axe":1,"minecraft:stone_axe":1}},"DataVersion":3465}