{"stats":{"minecraft:used":{"minecraft:spruce_planks":39,"minecraft:torch":52,"minecraft:iron_chestplate":1,"minecraft:dirt":7,"minecraft:stone_brick_slab":1,"minecraft:dark_oak_planks":110,"minecraft:wooden_axe":20,"minecraft:spruce_boat":5,"minecraft:iron_axe":190,"minecraft:iron_boots":1,"minecraft:sweet_berries":5,"minecraft:furnace":1,"tombstone:gift":4,"minecraft:cooked_beef":15,"minecraft:cooked_mutton":2,"minecraft:stone_pickaxe":127,"minecraft:wooden_pickaxe":25,"minecraft:birch_boat":1,"minecraft:blue_bed":4,"minecraft:cracked_stone_bricks":2,"cobblemon:relic_coin_pouch":3,"minecraft:crafting_table":11,"minecraft:spruce_log":3,"tombstone:bag_of_seeds":2,"duckling:raw_duck":1,"minecraft:bread":5,"minecraft:iron_pickaxe":209,"tombstone:grave_key":2,"minecraft:gravel":28,"minecraft:polished_andesite_slab":4,"minecraft:stone_axe":96,"minecraft:cobblestone":32},"minecraft:killed":{"vampirism:vampire":2,"vampirism:advanced_vampire":1,"minecraft:spider":2,"minecraft:vindicator":1,"minecraft:skeleton":7,"minecraft:fox":1,"minecraft:chicken":8,"cobblemon:pokemon":3,"duckling:duck":1,"minecraft:sheep":5,"minecraft:zombie":6,"minecraft:cow":9,"minecraft:enderman":3},"minecraft:custom":{"minecraft:mob_kills":50,"minecraft:interact_with_crafting_table":17,"minecraft:open_barrel":1,"minecraft:interact_with_campfire":4,"minecraft:leave_game":9,"minecraft:time_since_death":40492,"minecraft:climb_one_cm":5428,"minecraft:sprint_one_cm":426681,"minecraft:walk_one_cm":323972,"minecraft:drop":79,"vampirism:skills_unlocked":1,"minecraft:talked_to_villager":3,"minecraft:play_time":173583,"minecraft:deaths":7,"minecraft:sneak_time":5946,"minecraft:walk_under_water_one_cm":15242,"minecraft:boat_one_cm":38655,"minecraft:jump":3173,"minecraft:interact_with_blast_furnace":1,"minecraft:walk_on_water_one_cm":30486,"minecraft:total_world_time":173583,"minecraft:interact_with_furnace":3,"tombstone:raider_killed":1,"vampirism:interact_with_research_table":1,"minecraft:sleep_in_bed":1,"minecraft:time_since_rest":39558,"minecraft:damage_taken":3051,"minecraft:damage_dealt":8350,"minecraft:swim_one_cm":57275,"minecraft:fly_one_cm":632259,"minecraft:open_chest":16,"minecraft:crouch_one_cm":12449,"tombstone:undead_killed":13,"minecraft:fall_one_cm":93087},"minecraft:dropped":{"vampirism:item_garlic":3,"minecraft:enchanted_book":1,"minecraft:bread":1,"minecraft:brown_mushroom":1,"minecraft:porkchop":1,"minecraft:birch_planks":2,"minecraft:wheat_seeds":5,"minecraft:cooked_beef":2,"minecraft:feather":1,"minecraft:apple":1,"minecraft:grass_block":1,"minecraft:stick":18,"minecraft:dirt":9,"minecraft:torch":8,"minecraft:wooden_axe":4,"minecraft:rabbit":1,"tombstone:grave_dust":1,"minecraft:dark_oak_planks":39,"minecraft:string":2,"vampirism:garlic_bread":1,"minecraft:spruce_sapling":2,"minecraft:redstone":1,"minecraft:bone":2,"minecraft:gravel":1,"cobblemon:relic_coin":210,"minecraft:stone_axe":1,"minecraft:sweet_berries":39,"vampirism:armor_of_swiftness_head_ultimate":1,"minecraft:cobbled_deepslate":4,"minecraft:tuff":2,"minecraft:raw_iron":1,"vampirism:hunter_coat_head_ultimate":1,"minecraft:chicken":1,"minecraft:rotten_flesh":3,"minecraft:light_gray_wool":1,"minecraft:torchflower_seeds":6,"minecraft:pumpkin_seeds":3,"minecraft:spruce_boat":5,"minecraft:spruce_planks":10,"minecraft:ladder":2,"minecraft:spider_eye":1,"minecraft:spruce_log":1,"minecraft:birch_boat":2,"minecraft:wooden_pickaxe":3,"minecraft:stone_brick_stairs":2,"minecraft:brick":3,"minecraft:egg":4},"minecraft:killed_by":{"minecraft:zombie":2},"minecraft:crafted":{"minecraft:raw_iron":9,"minecraft:birch_boat":1,"usefulbackpacks:backpack_small":1,"minecraft:furnace":1,"minecraft:iron_axe":1,"tombstone:grave_key":2,"minecraft:stone_pickaxe":1,"minecraft:spruce_boat":2,"minecraft:dark_oak_planks":174,"minecraft:raw_iron_block":7,"minecraft:cooked_beef":13,"minecraft:crafting_table":8,"minecraft:spruce_planks":92,"minecraft:wooden_pickaxe":2,"cobblemon:park_ball":4,"minecraft:birch_planks":16,"minecraft:stone_axe":1,"minecraft:air":0,"minecraft:stick":28,"minecraft:iron_pickaxe":1,"minecraft:wooden_axe":3,"minecraft:torch":52,"minecraft:shears":1,"cobblemon:relic_coin_pouch":1},"minecraft:mined":{"minecraft:dark_oak_planks":4,"minecraft:tuff":9,"minecraft:spruce_planks":6,"minecraft:mossy_cobblestone":1,"minecraft:deepslate_diamond_ore":15,"minecraft:dark_oak_log":179,"cobblemon:deepslate_water_stone_ore":1,"minecraft:ladder":2,"minecraft:grass_block":11,"minecraft:decorated_pot":2,"minecraft:polished_andesite_slab":8,"minecraft:spruce_leaves":5,"minecraft:spawner":1,"minecraft:chiseled_stone_bricks":1,"minecraft:tall_seagrass":1,"minecraft:raw_iron_block":2,"minecraft:furnace":1,"minecraft:iron_ore":10,"cobblemon:pink_mint":3,"minecraft:deepslate_lapis_ore":5,"cobblemon:medicinal_leek":20,"cobblemon:deepslate_sun_stone_ore":1,"minecraft:deepslate_iron_ore":90,"minecraft:stone":34,"cobblemon:deepslate_dusk_stone_ore":1,"minecraft:deepslate_redstone_ore":14,"minecraft:glass_pane":3,"minecraft:stone_brick_slab":2,"minecraft:crafting_table":3,"cobblemon:apricorn_leaves":3,"minecraft:calcite":2,"minecraft:tall_grass":1,"minecraft:deepslate_gold_ore":22,"cobblemon:oran_berry":2,"minecraft:wall_torch":1,"cobblemon:relic_coin_pouch":16,"minecraft:blue_bed":4,"minecraft:birch_log":4,"minecraft:sweet_berry_bush":18,"minecraft:spruce_log":26,"minecraft:birch_leaves":1,"cobblemon:deepslate_thunder_stone_ore":1,"minecraft:stone_brick_stairs":1,"minecraft:grass":5,"minecraft:coal_ore":13,"cobblemon:thunder_stone_ore":1,"minecraft:gravel":35,"minecraft:dirt":4,"minecraft:smooth_basalt":2,"minecraft:cracked_stone_bricks":10,"minecraft:stone_bricks":6,"minecraft:mossy_stone_bricks":6,"minecraft:oak_leaves":6,"minecraft:deepslate":40,"minecraft:fern":1,"minecraft:gray_candle":1,"minecraft:suspicious_gravel":12},"minecraft:broken":{"minecraft:stone_pickaxe":1},"minecraft:picked_up":{"minecraft:crafting_table":4,"minecraft:ladder":2,"minecraft:chicken":9,"minecraft:brown_mushroom":1,"cobblemon:red_apricorn":6,"minecraft:wooden_pickaxe":1,"minecraft:enchanted_book":1,"minecraft:stone_brick_stairs":2,"minecraft:brick":7,"cobblemon:wepear_berry":7,"minecraft:string":4,"cobblemon:white_apricorn":4,"minecraft:cracked_stone_bricks":2,"minecraft:cobbled_deepslate":12,"cobblemon:green_apricorn":6,"minecraft:spruce_planks":9,"minecraft:beef":17,"cobblemon:oran_berry":7,"cobblemon:relic_coin":275,"cobblemon:dusk_stone":1,"minecraft:light_gray_wool":1,"minecraft:furnace":1,"duckling:raw_duck":1,"minecraft:egg":4,"minecraft:dark_oak_sapling":12,"minecraft:stick":21,"minecraft:raw_iron":101,"minecraft:torch":45,"cobblemon:park_ball":1,"minecraft:porkchop":1,"tombstone:grave_dust":1,"vampirism:vampire_fang":2,"minecraft:redstone":116,"minecraft:dark_oak_planks":4,"minecraft:arrow":4,"minecraft:rotten_flesh":5,"cobblemon:pink_mint_leaf":3,"cobblemon:relic_coin_pouch":2,"minecraft:mutton":8,"cobblemon:blue_apricorn":3,"minecraft:white_wool":5,"minecraft:cobblestone":38,"minecraft:birch_log":4,"vampirism:vampire_blood_bottle":1,"minecraft:feather":10,"minecraft:cooked_beef":4,"minecraft:glow_ink_sac":5,"minecraft:leather":8,"minecraft:flint":4,"minecraft:tuff":2,"minecraft:lapis_lazuli":29,"minecraft:dirt":16,"minecraft:blue_bed":4,"tombstone:gift":1,"minecraft:bone":4,"minecraft:apple":1,"minecraft:wheat_seeds":1,"cobblemon:black_apricorn":1,"minecraft:raw_gold":22,"cobblemon:pink_mint_seeds":4,"cobblemon:thunder_stone":2,"tombstone:bag_of_seeds":1,"minecraft:rabbit":1,"minecraft:polished_andesite_slab":4,"cobblemon:sun_stone":1,"minecraft:birch_boat":2,"minecraft:sweet_berries":43,"minecraft:stone_brick_slab":1,"minecraft:raw_iron_block":2,"cobblemon:blue_apricorn_seed":1,"minecraft:torchflower_seeds":1,"minecraft:gravel":29,"cobblemon:persim_berry":5,"minecraft:spruce_sapling":6,"cobblemon:pink_apricorn":2,"minecraft:grass_block":1,"minecraft:spruce_log":27,"cobblemon:aspear_berry":6,"minecraft:dark_oak_log":130,"minecraft:spider_eye":1,"minecraft:diamond":15,"minecraft:spruce_boat":8,"waystones:waystone":5,"minecraft:gray_wool":1,"cobblemon:water_stone":1,"cobblemon:medicinal_leek":32,"minecraft:ender_pearl":2,"minecraft:coal":13,"minecraft:wooden_axe":1}},"DataVersion":3465}