{"stats":{"minecraft:picked_up":{"minecraft:wooden_axe":1,"minecraft:crafting_table":2,"minecraft:feather":9,"minecraft:chicken":9,"minecraft:leather":8,"cobblemon:red_apricorn":5,"minecraft:wooden_pickaxe":1,"minecraft:blue_bed":1,"cobblemon:wepear_berry":7,"minecraft:string":1,"minecraft:dirt":2,"cobblemon:white_apricorn":4,"minecraft:wheat_seeds":1,"cobblemon:black_apricorn":1,"cobblemon:green_apricorn":3,"minecraft:beef":17,"cobblemon:pink_mint_seeds":4,"cobblemon:oran_berry":3,"minecraft:rabbit":1,"minecraft:light_gray_wool":1,"duckling:raw_duck":1,"minecraft:egg":3,"minecraft:dark_oak_sapling":3,"minecraft:stick":3,"minecraft:raw_iron":5,"minecraft:sweet_berries":2,"cobblemon:blue_apricorn_seed":1,"minecraft:porkchop":1,"minecraft:spruce_sapling":4,"cobblemon:pink_apricorn":2,"minecraft:spruce_log":14,"minecraft:rotten_flesh":2,"cobblemon:pink_mint_leaf":3,"waystones:waystone":1,"minecraft:gray_wool":1,"cobblemon:medicinal_leek":22,"minecraft:coal":13,"minecraft:mutton":8,"cobblemon:blue_apricorn":3,"minecraft:white_wool":3,"minecraft:cobblestone":12},"minecraft:killed_by":{"minecraft:zombie":1},"minecraft:mined":{"minecraft:dark_oak_log":45,"minecraft:crafting_table":2,"minecraft:grass_block":5,"minecraft:tall_grass":1,"cobblemon:oran_berry":2,"minecraft:blue_bed":1,"minecraft:iron_ore":5,"minecraft:sweet_berry_bush":1,"minecraft:birch_leaves":1,"cobblemon:pink_mint":3,"minecraft:spruce_log":14,"cobblemon:medicinal_leek":13,"minecraft:grass":2,"minecraft:coal_ore":13,"minecraft:dirt":1,"minecraft:stone":12,"minecraft:oak_leaves":1},"minecraft:used":{"minecraft:stone_pickaxe":25,"minecraft:spruce_planks":1,"minecraft:wooden_pickaxe":6,"minecraft:dirt":2,"minecraft:crafting_table":2,"minecraft:spruce_log":1,"minecraft:wooden_axe":1,"duckling:raw_duck":1,"minecraft:bread":2,"minecraft:stone_axe":96,"minecraft:cobblestone":6,"minecraft:sweet_berries":3,"tombstone:gift":2},"minecraft:killed":{"cobblemon:pokemon":3,"duckling:duck":1,"minecraft:sheep":5,"minecraft:zombie":1,"minecraft:fox":1,"minecraft:chicken":8,"minecraft:cow":9},"minecraft:custom":{"minecraft:mob_kills":28,"vampirism:interact_with_research_table":1,"minecraft:interact_with_crafting_table":4,"minecraft:open_barrel":1,"minecraft:leave_game":3,"minecraft:time_since_death":2538,"minecraft:climb_one_cm":1820,"minecraft:time_since_rest":139,"minecraft:sprint_one_cm":121232,"minecraft:damage_taken":460,"minecraft:walk_one_cm":91229,"minecraft:drop":16,"minecraft:damage_dealt":2984,"minecraft:swim_one_cm":7444,"minecraft:talked_to_villager":2,"minecraft:fly_one_cm":187512,"minecraft:open_chest":5,"minecraft:crouch_one_cm":3145,"minecraft:play_time":39523,"tombstone:undead_killed":1,"minecraft:deaths":2,"minecraft:sneak_time":1615,"minecraft:walk_under_water_one_cm":3027,"minecraft:jump":909,"minecraft:walk_on_water_one_cm":7428,"minecraft:total_world_time":39523,"minecraft:fall_one_cm":25562},"minecraft:dropped":{"minecraft:stone_axe":1,"minecraft:wheat_seeds":1,"vampirism:armor_of_swiftness_head_ultimate":1,"vampirism:hunter_coat_head_ultimate":1,"minecraft:chicken":1,"minecraft:feather":1,"minecraft:stick":3,"minecraft:wooden_axe":2,"minecraft:rabbit":1,"minecraft:wooden_pickaxe":2,"vampirism:garlic_bread":1,"vampirism:item_garlic":3},"minecraft:crafted":{"minecraft:crafting_table":1,"minecraft:spruce_planks":16,"minecraft:wooden_pickaxe":1,"minecraft:stone_axe":1,"minecraft:stick":8,"minecraft:stone_pickaxe":1,"minecraft:wooden_axe":1}},"DataVersion":3465}