{"stats":{"minecraft:crafted":{"minecraft:oak_planks":20,"minecraft:raw_iron":27,"minecraft:dark_oak_boat":1,"minecraft:birch_boat":1,"cobblemon:apricorn_planks":20,"usefulbackpacks:backpack_small":1,"minecraft:furnace":3,"minecraft:iron_axe":2,"tombstone:grave_key":2,"minecraft:stone_pickaxe":2,"usefulbackpacks:backpack_medium":1,"minecraft:spruce_boat":2,"minecraft:dark_oak_planks":430,"cobblemon:timer_ball":4,"minecraft:raw_iron_block":12,"minecraft:cooked_beef":13,"minecraft:glass_bottle":3,"minecraft:crafting_table":13,"minecraft:spruce_planks":92,"minecraft:wooden_pickaxe":4,"cobblemon:park_ball":4,"minecraft:birch_planks":16,"minecraft:stone_axe":1,"minecraft:air":0,"cobblemon:heavy_ball":4,"minecraft:stick":108,"usefulbackpacks:backpack_large":1,"minecraft:iron_ingot":18,"minecraft:iron_pickaxe":2,"minecraft:wooden_axe":4,"minecraft:gold_ingot":9,"cobblemon:dusk_ball":4,"minecraft:torch":52,"minecraft:shears":1,"cobblemon:relic_coin_pouch":1},"minecraft:killed":{"vampirism:vampire":3,"vampirism:advanced_vampire":1,"minecraft:vindicator":1,"minecraft:spider":4,"minecraft:skeleton":8,"minecraft:fox":1,"minecraft:chicken":8,"cobblemon:pokemon":5,"duckling:duck":1,"minecraft:rabbit":1,"minecraft:sheep":7,"minecraft:zombie":7,"minecraft:enderman":3,"minecraft:cow":20},"minecraft:used":{"minecraft:spruce_planks":39,"minecraft:torch":52,"minecraft:iron_chestplate":1,"minecraft:dirt":12,"minecraft:tuff":1,"minecraft:stone_brick_slab":1,"minecraft:dark_oak_planks":251,"minecraft:wooden_axe":54,"minecraft:spruce_boat":5,"minecraft:iron_axe":206,"minecraft:iron_boots":1,"minecraft:smooth_basalt":1,"minecraft:dark_oak_boat":2,"minecraft:sweet_berries":5,"minecraft:furnace":4,"tombstone:gift":4,"minecraft:egg":2,"minecraft:cooked_beef":15,"minecraft:calcite":17,"minecraft:cobbled_deepslate":19,"minecraft:cooked_mutton":2,"minecraft:glass_bottle":1,"minecraft:stone_pickaxe":145,"minecraft:wooden_pickaxe":38,"minecraft:birch_boat":1,"minecraft:blue_bed":4,"minecraft:cracked_stone_bricks":2,"minecraft:sand":2,"cobblemon:relic_coin_pouch":3,"minecraft:crafting_table":18,"minecraft:spruce_log":3,"tombstone:bag_of_seeds":2,"minecraft:iron_pickaxe":359,"duckling:raw_duck":1,"minecraft:bread":5,"tombstone:grave_key":2,"minecraft:gravel":34,"minecraft:polished_andesite_slab":4,"minecraft:stone_axe":96,"minecraft:purple_bed":1,"minecraft:cobblestone":35},"minecraft:picked_up":{"minecraft:wooden_axe":1,"minecraft:crafting_table":6,"minecraft:allium":4,"minecraft:chicken":9,"cobblemon:blue_mint_leaf":3,"minecraft:ladder":2,"cobblemon:timer_ball":3,"minecraft:brown_mushroom":1,"cobblemon:red_apricorn":6,"minecraft:wooden_pickaxe":1,"minecraft:enchanted_book":1,"minecraft:stone_brick_stairs":2,"minecraft:brick":7,"minecraft:amethyst_block":9,"cobblemon:wepear_berry":18,"minecraft:string":7,"cobblemon:white_apricorn":4,"minecraft:cracked_stone_bricks":2,"minecraft:cobbled_deepslate":31,"cobblemon:green_apricorn":11,"minecraft:spruce_planks":9,"minecraft:beef":17,"cobblemon:oran_berry":46,"cobblemon:relic_coin":370,"minecraft:calcite":17,"cobblemon:dusk_stone":1,"minecraft:light_gray_wool":1,"minecraft:furnace":4,"duckling:raw_duck":1,"minecraft:egg":7,"minecraft:dark_oak_sapling":12,"minecraft:raw_iron":104,"minecraft:stick":46,"cobblemon:apricorn_log":5,"minecraft:torch":45,"cobblemon:park_ball":1,"minecraft:porkchop":1,"tombstone:grave_dust":1,"vampirism:vampire_fang":2,"minecraft:redstone":134,"minecraft:rabbit_foot":1,"minecraft:dark_oak_planks":99,"vampirism:blood_bottle":1,"minecraft:arrow":6,"minecraft:rotten_flesh":5,"cobblemon:pink_mint_leaf":3,"cobblemon:relic_coin_pouch":2,"cobblemon:heavy_ball":1,"minecraft:mutton":16,"cobblemon:blue_apricorn":3,"minecraft:white_wool":16,"minecraft:cobblestone":75,"minecraft:birch_log":4,"minecraft:feather":10,"vampirism:vampire_blood_bottle":1,"minecraft:cooked_beef":4,"vampirism:polished_dark_stone":5,"minecraft:glow_ink_sac":5,"minecraft:leather":14,"minecraft:dark_oak_boat":1,"minecraft:flint":5,"minecraft:oak_log":5,"minecraft:tuff":3,"minecraft:gunpowder":1,"minecraft:lapis_lazuli":138,"minecraft:blue_bed":4,"minecraft:dirt":21,"cobblemon:pink_apricorn_seed":2,"tombstone:gift":1,"minecraft:bone":4,"minecraft:apple":1,"minecraft:wheat_seeds":2,"cobblemon:black_apricorn":8,"minecraft:raw_gold":33,"minecraft:rabbit_hide":1,"minecraft:stone_pickaxe":2,"cobblemon:pink_mint_seeds":4,"cobblemon:thunder_stone":2,"tombstone:bag_of_seeds":1,"minecraft:rabbit":2,"minecraft:glass_bottle":1,"minecraft:polished_andesite_slab":4,"cobblemon:sun_stone":1,"minecraft:smooth_basalt":1,"minecraft:birch_boat":2,"minecraft:sweet_berries":43,"minecraft:stone_brick_slab":1,"minecraft:raw_iron_block":2,"cobblemon:blue_apricorn_seed":1,"minecraft:torchflower_seeds":1,"minecraft:gravel":38,"cobblemon:cheri_berry":4,"minecraft:sand":2,"minecraft:amethyst_shard":4,"cobblemon:persim_berry":19,"minecraft:spruce_sapling":6,"cobblemon:pink_apricorn":6,"minecraft:spruce_log":27,"minecraft:grass_block":1,"cobblemon:aspear_berry":6,"minecraft:dark_oak_log":130,"minecraft:spider_eye":1,"minecraft:purple_bed":2,"minecraft:diamond":24,"minecraft:spruce_boat":8,"waystones:waystone":5,"minecraft:gray_wool":1,"cobblemon:medicinal_leek":32,"cobblemon:water_stone":1,"minecraft:coal":15,"minecraft:ender_pearl":2},"minecraft:broken":{"minecraft:stone_pickaxe":1,"minecraft:iron_pickaxe":1},"minecraft:custom":{"minecraft:mob_kills":80,"minecraft:interact_with_crafting_table":35,"minecraft:open_barrel":1,"minecraft:interact_with_campfire":4,"minecraft:leave_game":19,"minecraft:time_since_death":17938,"minecraft:climb_one_cm":6755,"vampirism:amount_bitten":53,"minecraft:sprint_one_cm":729903,"minecraft:walk_one_cm":521513,"minecraft:drop":99,"vampirism:skills_unlocked":2,"minecraft:talked_to_villager":4,"minecraft:play_time":295369,"minecraft:deaths":8,"minecraft:sneak_time":10739,"minecraft:walk_under_water_one_cm":38342,"minecraft:boat_one_cm":47811,"minecraft:jump":5340,"minecraft:interact_with_blast_furnace":1,"minecraft:walk_on_water_one_cm":44951,"minecraft:total_world_time":295369,"vampirism:blood_drunk":8200,"minecraft:interact_with_furnace":19,"tombstone:raider_killed":1,"vampirism:interact_with_research_table":1,"minecraft:sleep_in_bed":2,"minecraft:time_since_rest":15539,"minecraft:waystone_activated":1,"minecraft:damage_taken":3908,"minecraft:damage_dealt":11018,"minecraft:swim_one_cm":170791,"minecraft:fly_one_cm":1124372,"minecraft:open_chest":26,"minecraft:crouch_one_cm":21075,"tombstone:undead_killed":15,"minecraft:fall_one_cm":160088},"minecraft:killed_by":{"minecraft:zombie":2},"minecraft:mined":{"minecraft:dark_oak_planks":7,"minecraft:large_amethyst_bud":1,"minecraft:diamond_ore":1,"minecraft:spruce_planks":6,"minecraft:tuff":10,"minecraft:mossy_cobblestone":1,"minecraft:deepslate_diamond_ore":23,"minecraft:sculk_vein":2,"minecraft:dark_oak_log":179,"cobblemon:apricorn_log":5,"cobblemon:deepslate_water_stone_ore":1,"minecraft:ladder":4,"minecraft:budding_amethyst":4,"minecraft:allium":6,"minecraft:grass_block":13,"minecraft:decorated_pot":3,"minecraft:polished_andesite_slab":8,"minecraft:spruce_leaves":7,"minecraft:chiseled_stone_bricks":1,"minecraft:spawner":1,"minecraft:tall_seagrass":1,"minecraft:raw_iron_block":2,"minecraft:furnace":4,"vampirism:polished_dark_stone_slab":5,"minecraft:iron_ore":13,"cobblemon:pink_mint":3,"minecraft:deepslate_lapis_ore":22,"cobblemon:medicinal_leek":20,"cobblemon:deepslate_sun_stone_ore":1,"minecraft:deepslate_iron_ore":90,"minecraft:stone":75,"cobblemon:deepslate_dusk_stone_ore":1,"minecraft:deepslate_redstone_ore":18,"minecraft:glass_pane":3,"vampirism:polished_dark_stone":11,"minecraft:medium_amethyst_bud":1,"minecraft:amethyst_cluster":1,"minecraft:stone_brick_slab":2,"cobblemon:blue_mint":2,"minecraft:crafting_table":5,"cobblemon:apricorn_leaves":8,"minecraft:calcite":21,"minecraft:tall_grass":1,"minecraft:deepslate_gold_ore":33,"cobblemon:oran_berry":2,"minecraft:sculk":6,"minecraft:blue_bed":4,"cobblemon:relic_coin_pouch":18,"minecraft:wall_torch":1,"minecraft:amethyst_block":14,"minecraft:purple_bed":2,"minecraft:light_gray_candle":1,"minecraft:birch_log":4,"minecraft:sweet_berry_bush":18,"cobblemon:deepslate_thunder_stone_ore":1,"minecraft:spruce_log":26,"minecraft:birch_leaves":1,"vampirism:polished_dark_stone_stairs":3,"minecraft:stone_brick_stairs":1,"minecraft:grass":16,"minecraft:oak_log":5,"minecraft:coal_ore":15,"cobblemon:thunder_stone_ore":1,"minecraft:gravel":44,"minecraft:dirt":7,"minecraft:sand":2,"minecraft:smooth_basalt":3,"minecraft:cracked_stone_bricks":10,"minecraft:stone_bricks":6,"minecraft:deepslate":65,"minecraft:mossy_stone_bricks":6,"minecraft:suspicious_gravel":12,"minecraft:oak_leaves":7,"minecraft:gray_candle":1,"minecraft:fern":1},"minecraft:dropped":{"minecraft:enchanted_book":1,"minecraft:iron_ingot":1,"minecraft:bread":1,"cobblemon:blue_mint_leaf":3,"minecraft:brown_mushroom":1,"minecraft:birch_planks":2,"minecraft:porkchop":1,"minecraft:wheat_seeds":5,"minecraft:cooked_beef":2,"minecraft:glow_ink_sac":5,"minecraft:glass_bottle":2,"minecraft:feather":1,"minecraft:apple":1,"vampirism:polished_dark_stone":5,"minecraft:grass_block":1,"minecraft:stick":20,"minecraft:dirt":9,"minecraft:torch":8,"minecraft:mutton":1,"minecraft:wooden_axe":4,"minecraft:rabbit":1,"tombstone:grave_dust":1,"minecraft:amethyst_shard":4,"minecraft:dark_oak_planks":218,"minecraft:string":2,"vampirism:garlic_bread":1,"minecraft:spruce_sapling":2,"minecraft:redstone":1,"minecraft:bone":2,"minecraft:gravel":2,"cobblemon:relic_coin":210,"minecraft:stone_axe":1,"minecraft:sweet_berries":39,"vampirism:armor_of_swiftness_head_ultimate":1,"minecraft:cobbled_deepslate":4,"minecraft:tuff":2,"minecraft:raw_iron":1,"vampirism:hunter_coat_head_ultimate":1,"minecraft:chicken":1,"minecraft:rotten_flesh":5,"minecraft:light_gray_wool":1,"vampirism:blood_bottle":1,"minecraft:torchflower_seeds":6,"minecraft:pumpkin_seeds":3,"minecraft:spruce_boat":5,"minecraft:spruce_planks":10,"minecraft:ladder":2,"minecraft:spider_eye":1,"minecraft:spruce_log":1,"minecraft:birch_boat":2,"minecraft:wooden_pickaxe":3,"minecraft:stone_pickaxe":2,"minecraft:stone_brick_stairs":2,"minecraft:brick":3,"vampirism:item_garlic":3,"minecraft:egg":4}},"DataVersion":3465}