{"stats":{"minecraft:crafted":{"minecraft:oak_planks":20,"minecraft:dark_oak_boat":1,"minecraft:birch_boat":1,"cobblemon:apricorn_planks":20,"usefulbackpacks:backpack_small":1,"tombstone:grave_key":2,"cobblemon:timer_ball":4,"minecraft:raw_iron_block":12,"minecraft:glass_bottle":3,"minecraft:crafting_table":13,"minecraft:spruce_planks":92,"minecraft:wooden_pickaxe":4,"minecraft:birch_planks":16,"vampirism:dark_spruce_planks":8,"minecraft:stick":108,"usefulbackpacks:backpack_large":1,"minecraft:iron_ingot":18,"minecraft:iron_pickaxe":2,"minecraft:gold_ingot":9,"minecraft:shears":1,"cobblemon:sport_ball":4,"vampirism:cursed_spruce_boat":1,"minecraft:raw_iron":27,"vampirism:cursed_spruce_planks":8,"minecraft:furnace":3,"minecraft:iron_axe":2,"minecraft:stone_pickaxe":2,"usefulbackpacks:backpack_medium":1,"minecraft:spruce_boat":2,"minecraft:dark_oak_planks":430,"minecraft:cooked_beef":13,"cobblemon:park_ball":8,"minecraft:stone_axe":1,"minecraft:air":0,"cobblemon:heavy_ball":4,"minecraft:wooden_axe":4,"cobblemon:dusk_ball":4,"minecraft:torch":52,"cobblemon:relic_coin_pouch":1},"minecraft:killed":{"vampirism:vampire":3,"vampirism:advanced_vampire":1,"minecraft:spider":4,"minecraft:skeleton":8,"minecraft:fox":1,"minecraft:chicken":8,"vampirism:hunter":1,"minecraft:sheep":7,"minecraft:zombie":7,"minecraft:cow":20,"minecraft:vindicator":1,"cobblemon:pokemon":5,"duckling:duck":1,"minecraft:rabbit":1,"minecraft:enderman":3},"minecraft:used":{"megamons:anistarite_rough_geode_block":1,"minecraft:iron_chestplate":1,"minecraft:tuff":1,"minecraft:spruce_boat":5,"minecraft:dark_oak_boat":2,"minecraft:sweet_berries":5,"minecraft:furnace":4,"minecraft:egg":2,"minecraft:stone_pickaxe":145,"minecraft:wooden_pickaxe":38,"minecraft:blue_bed":4,"minecraft:sand":2,"cobblemon:relic_coin_pouch":3,"duckling:raw_duck":1,"minecraft:bread":5,"tombstone:grave_key":2,"minecraft:gravel":34,"minecraft:polished_andesite_slab":4,"minecraft:spruce_planks":39,"minecraft:torch":52,"minecraft:dirt":16,"minecraft:raw_iron_block":1,"minecraft:stone_brick_slab":1,"minecraft:wooden_axe":54,"minecraft:dark_oak_planks":251,"minecraft:iron_axe":330,"minecraft:iron_boots":1,"vampirism:cursed_spruce_boat":1,"minecraft:smooth_basalt":1,"tombstone:gift":4,"minecraft:cooked_beef":15,"minecraft:cobbled_deepslate":19,"minecraft:calcite":17,"minecraft:cooked_mutton":2,"minecraft:glass_bottle":1,"minecraft:birch_boat":1,"minecraft:cracked_stone_bricks":2,"minecraft:crafting_table":21,"minecraft:spruce_log":3,"tombstone:bag_of_seeds":2,"minecraft:iron_pickaxe":379,"minecraft:stone_axe":96,"minecraft:cobblestone":35,"minecraft:purple_bed":1},"minecraft:picked_up":{"minecraft:wooden_axe":1,"cobblemon:timer_ball":3,"cobblemon:red_apricorn":6,"cobblemon:sport_ball":5,"minecraft:enchanted_book":1,"minecraft:stone_brick_stairs":2,"minecraft:amethyst_block":9,"cobblemon:wepear_berry":18,"minecraft:string":7,"minecraft:cobbled_deepslate":31,"minecraft:spruce_planks":9,"cobblemon:oran_berry":46,"minecraft:calcite":17,"minecraft:furnace":4,"cobblemon:apricorn_log":10,"minecraft:stick":57,"cobblemon:babiri_berry":11,"minecraft:torch":45,"minecraft:porkchop":1,"tombstone:grave_dust":1,"vampirism:vampire_fang":2,"minecraft:rabbit_foot":1,"vampirism:blood_bottle":1,"minecraft:rotten_flesh":5,"cobblemon:relic_coin_pouch":2,"cobblemon:heavy_ball":1,"minecraft:cobblestone":75,"minecraft:birch_log":4,"minecraft:feather":10,"minecraft:cooked_beef":4,"minecraft:dark_oak_boat":1,"minecraft:flint":5,"minecraft:tuff":3,"minecraft:lapis_lazuli":138,"megamons:anistarite_geode_block":12,"minecraft:dirt":25,"minecraft:bone":4,"cobblemon:black_apricorn":8,"minecraft:wheat_seeds":2,"minecraft:raw_gold":33,"cobblemon:thunder_stone":2,"minecraft:rabbit":2,"cobblemon:moon_stone":2,"duckling:duck_egg":3,"cobblemon:sun_stone":1,"vampirism:cursed_spruce_log":75,"vampirism:dark_spruce_sapling":10,"cobblemon:fire_stone":1,"minecraft:sand":2,"cobblemon:persim_berry":19,"minecraft:grass_block":1,"cobblemon:aspear_berry":6,"minecraft:dark_oak_log":130,"megamons:anistarite_rough_geode_block":2,"minecraft:diamond":24,"minecraft:spruce_boat":8,"waystones:waystone":6,"cobblemon:medicinal_leek":32,"minecraft:crafting_table":8,"minecraft:allium":4,"minecraft:chicken":9,"minecraft:ladder":2,"vampirism:dark_spruce_log":27,"cobblemon:blue_mint_leaf":3,"minecraft:brown_mushroom":3,"minecraft:wooden_pickaxe":1,"minecraft:brick":7,"cobblemon:white_apricorn":4,"minecraft:cracked_stone_bricks":2,"cobblemon:green_apricorn":11,"minecraft:beef":17,"cobblemon:relic_coin":370,"cobblemon:dusk_stone":1,"minecraft:light_gray_wool":1,"duckling:raw_duck":1,"minecraft:egg":7,"minecraft:dark_oak_sapling":12,"minecraft:raw_iron":104,"cobblemon:park_ball":11,"minecraft:redstone":134,"minecraft:dark_oak_planks":99,"minecraft:arrow":6,"cobblemon:pink_mint_leaf":3,"minecraft:mutton":16,"cobblemon:blue_apricorn":3,"minecraft:white_wool":16,"vampirism:vampire_blood_bottle":1,"minecraft:glow_ink_sac":5,"vampirism:polished_dark_stone":5,"minecraft:leather":14,"minecraft:oak_log":5,"minecraft:gunpowder":1,"minecraft:blue_bed":4,"tombstone:gift":1,"cobblemon:pink_apricorn_seed":2,"minecraft:apple":1,"minecraft:rabbit_hide":1,"cobblemon:pink_mint_seeds":4,"minecraft:stone_pickaxe":2,"tombstone:bag_of_seeds":1,"minecraft:glass_bottle":1,"minecraft:polished_andesite_slab":4,"minecraft:smooth_basalt":1,"minecraft:birch_boat":2,"minecraft:sweet_berries":43,"minecraft:stone_brick_slab":1,"cobblemon:blue_apricorn_seed":1,"minecraft:raw_iron_block":3,"minecraft:torchflower_seeds":1,"minecraft:gravel":38,"cobblemon:cheri_berry":4,"minecraft:amethyst_shard":4,"minecraft:spruce_sapling":6,"cobblemon:pink_apricorn":11,"minecraft:spruce_log":27,"minecraft:spider_eye":1,"minecraft:purple_bed":2,"minecraft:gray_wool":1,"cobblemon:water_stone":1,"minecraft:coal":15,"minecraft:ender_pearl":2},"minecraft:broken":{"minecraft:stone_pickaxe":1,"minecraft:iron_pickaxe":1},"minecraft:custom":{"minecraft:interact_with_crafting_table":40,"minecraft:open_barrel":1,"minecraft:leave_game":22,"minecraft:time_since_death":35074,"minecraft:sprint_one_cm":796455,"minecraft:drop":101,"minecraft:talked_to_villager":4,"minecraft:play_time":351163,"minecraft:deaths":9,"minecraft:jump":5812,"minecraft:walk_on_water_one_cm":55467,"minecraft:interact_with_furnace":19,"vampirism:interact_with_research_table":1,"minecraft:sleep_in_bed":2,"minecraft:waystone_activated":1,"minecraft:damage_dealt":11498,"minecraft:crouch_one_cm":21477,"tombstone:undead_killed":15,"minecraft:mob_kills":81,"minecraft:interact_with_campfire":4,"minecraft:climb_one_cm":6755,"vampirism:amount_bitten":63,"minecraft:walk_one_cm":558827,"vampirism:skills_unlocked":3,"minecraft:sneak_time":11321,"minecraft:walk_under_water_one_cm":71070,"minecraft:boat_one_cm":192405,"minecraft:interact_with_blast_furnace":1,"minecraft:total_world_time":351163,"vampirism:blood_drunk":9100,"tombstone:raider_killed":1,"minecraft:time_since_rest":33650,"minecraft:damage_taken":102947,"minecraft:swim_one_cm":252068,"minecraft:fly_one_cm":1198003,"minecraft:open_chest":26,"minecraft:fall_one_cm":168434},"minecraft:killed_by":{"minecraft:zombie":2},"minecraft:mined":{"minecraft:dark_oak_planks":7,"minecraft:large_amethyst_bud":1,"minecraft:spruce_planks":6,"minecraft:sculk_vein":2,"cobblemon:apricorn_log":10,"cobblemon:deepslate_water_stone_ore":1,"minecraft:budding_amethyst":4,"minecraft:grass_block":14,"vampirism:dark_spruce_log":27,"megamons:crystal_fire_stone_ore":1,"minecraft:chiseled_stone_bricks":1,"minecraft:spawner":1,"minecraft:tall_seagrass":1,"minecraft:raw_iron_block":3,"minecraft:iron_ore":13,"minecraft:deepslate_lapis_ore":22,"cobblemon:medicinal_leek":20,"cobblemon:deepslate_sun_stone_ore":1,"cobblemon:deepslate_dusk_stone_ore":1,"minecraft:deepslate_redstone_ore":18,"minecraft:brown_mushroom":1,"megamons:anistarite_geode_block":12,"vampirism:polished_dark_stone":11,"minecraft:medium_amethyst_bud":1,"minecraft:amethyst_cluster":1,"cobblemon:blue_mint":2,"cobblemon:apricorn_leaves":9,"minecraft:calcite":21,"megamons:crystal_moon_stone_ore":2,"minecraft:wall_torch":1,"minecraft:amethyst_block":14,"minecraft:light_gray_candle":1,"minecraft:birch_log":4,"vampirism:polished_dark_stone_stairs":3,"cobblemon:deepslate_thunder_stone_ore":1,"minecraft:stone_brick_stairs":1,"minecraft:grass":16,"minecraft:oak_log":5,"cobblemon:thunder_stone_ore":1,"minecraft:sand":2,"minecraft:dirt":8,"minecraft:smooth_basalt":3,"minecraft:oak_leaves":7,"minecraft:deepslate":65,"minecraft:gray_candle":1,"minecraft:suspicious_gravel":12,"minecraft:diamond_ore":1,"minecraft:tuff":10,"minecraft:mossy_cobblestone":1,"minecraft:deepslate_diamond_ore":23,"minecraft:dark_oak_log":179,"minecraft:ladder":4,"minecraft:allium":6,"infinitybuttons:blue_safe_emergency_button":1,"minecraft:decorated_pot":3,"minecraft:polished_andesite_slab":8,"minecraft:spruce_leaves":7,"minecraft:large_fern":5,"minecraft:furnace":4,"vampirism:polished_dark_stone_slab":5,"cobblemon:pink_mint":3,"minecraft:deepslate_iron_ore":90,"minecraft:stone":75,"minecraft:podzol":2,"megamons:anistarite_rough_geode_block":2,"minecraft:glass_pane":3,"vampirism:cursed_spruce_log":75,"minecraft:stone_brick_slab":2,"minecraft:crafting_table":7,"minecraft:tall_grass":1,"minecraft:deepslate_gold_ore":33,"cobblemon:oran_berry":2,"minecraft:sculk":6,"cobblemon:relic_coin_pouch":18,"minecraft:blue_bed":4,"minecraft:purple_bed":2,"minecraft:sweet_berry_bush":18,"minecraft:spruce_log":26,"minecraft:birch_leaves":1,"minecraft:coal_ore":15,"minecraft:gravel":44,"minecraft:cracked_stone_bricks":10,"minecraft:stone_bricks":6,"minecraft:mossy_stone_bricks":6,"minecraft:fern":1},"minecraft:dropped":{"minecraft:porkchop":1,"cobblemon:blue_mint_leaf":3,"minecraft:brown_mushroom":3,"minecraft:birch_planks":2,"minecraft:cooked_beef":2,"minecraft:glow_ink_sac":5,"minecraft:glass_bottle":2,"minecraft:dirt":9,"minecraft:mutton":1,"minecraft:amethyst_shard":4,"minecraft:dark_oak_planks":218,"minecraft:bone":2,"minecraft:gravel":2,"minecraft:stone_axe":1,"minecraft:cobbled_deepslate":4,"minecraft:rotten_flesh":5,"vampirism:blood_bottle":1,"minecraft:ladder":2,"minecraft:stone_brick_stairs":2,"minecraft:egg":4,"vampirism:item_garlic":3,"minecraft:enchanted_book":1,"minecraft:iron_ingot":1,"minecraft:bread":1,"minecraft:wheat_seeds":5,"minecraft:feather":1,"minecraft:apple":1,"vampirism:polished_dark_stone":5,"minecraft:grass_block":1,"minecraft:stick":20,"minecraft:torch":8,"minecraft:wooden_axe":4,"minecraft:rabbit":1,"tombstone:grave_dust":1,"minecraft:string":2,"vampirism:garlic_bread":1,"minecraft:spruce_sapling":2,"minecraft:redstone":1,"cobblemon:relic_coin":210,"minecraft:sweet_berries":39,"vampirism:armor_of_swiftness_head_ultimate":1,"minecraft:tuff":2,"vampirism:hunter_coat_head_ultimate":1,"minecraft:raw_iron":1,"minecraft:chicken":1,"minecraft:light_gray_wool":1,"minecraft:torchflower_seeds":6,"minecraft:pumpkin_seeds":3,"minecraft:spruce_boat":5,"minecraft:spruce_planks":10,"minecraft:spider_eye":1,"minecraft:spruce_log":1,"minecraft:birch_boat":2,"minecraft:stone_pickaxe":2,"minecraft:wooden_pickaxe":3,"minecraft:brick":3}},"DataVersion":3465}