{"stats":{"minecraft:picked_up":{"minecraft:crafting_table":2,"minecraft:feather":1,"minecraft:chicken":1,"minecraft:andesite":8,"cobblemon:yellow_apricorn":2,"cobblemon:red_apricorn":7,"cobblemon:bluk_berry":10,"minecraft:dirt":14,"cobblemon:pink_apricorn_seed":3,"minecraft:raw_copper":3,"cobblemon:black_apricorn":1,"vampirism:cursed_earth":2,"cobblemon:green_apricorn":7,"minecraft:spruce_planks":16,"cobblemon:pink_mint_seeds":3,"minecraft:cobblestone_slab":1,"minecraft:spruce_slab":4,"minecraft:chest":7,"cobblemon:green_apricorn_seed":1,"minecraft:egg":3,"minecraft:raw_iron":11,"cobblemon:red_apricorn_seed":1,"minecraft:stick":11,"vampirism:cursed_spruce_log":26,"cobblemon:apricorn_log":35,"minecraft:sweet_berries":64,"vampirism:dark_spruce_sapling":2,"minecraft:spruce_stairs":24,"minecraft:sand":11,"minecraft:porkchop":4,"vampirism:crucifix_normal":1,"minecraft:spruce_sapling":3,"cobblemon:pink_apricorn":4,"minecraft:spruce_log":39,"cobblemon:aspear_berry":8,"vampirism:hunter_table":2,"minecraft:pumpkin_seeds":2,"minecraft:arrow":2,"waystones:waystone":1,"vampirism:cobbled_dark_stone":3,"cobblemon:pink_mint_leaf":1,"minecraft:hay_block":11,"minecraft:oak_sapling":1,"cobblemon:chesto_berry":5,"minecraft:mutton":2,"minecraft:white_wool":3,"minecraft:cobblestone":62},"minecraft:used":{"minecraft:cooked_mutton":1,"minecraft:stone_pickaxe":50,"minecraft:ladder":4,"minecraft:chest":11,"minecraft:spruce_planks":53,"minecraft:wooden_pickaxe":14,"minecraft:cooked_chicken":1,"minecraft:cobblestone_slab":1,"minecraft:spyglass":1,"minecraft:mutton":2,"minecraft:crafting_table":5,"minecraft:spruce_log":1,"minecraft:spruce_sapling":1,"minecraft:stone_axe":160,"minecraft:cobblestone":23,"minecraft:sweet_berries":10,"minecraft:oak_sapling":1,"minecraft:cooked_porkchop":1,"minecraft:furnace":1,"minecraft:porkchop":4,"minecraft:andesite":2,"minecraft:egg":1,"minecraft:cooked_beef":2},"minecraft:mined":{"vampirism:cursed_earth":2,"minecraft:spruce_planks":5,"vampirism:dark_stone":3,"vampirism:cursed_spruce_log":26,"cobblemon:aspear_berry":11,"minecraft:powder_snow":27,"cobblemon:apricorn_log":35,"minecraft:crafting_table":2,"cobblemon:apricorn_leaves":37,"minecraft:grass_block":4,"minecraft:chest":7,"cobblemon:chesto_berry":5,"minecraft:copper_ore":1,"minecraft:cobblestone":10,"minecraft:spruce_leaves":19,"vampirism:hunter_table":1,"cobblemon:oran_berry":9,"minecraft:large_fern":3,"minecraft:hay_block":11,"minecraft:spruce_stairs":24,"minecraft:furnace":1,"cobblemon:razz_berry":2,"minecraft:iron_ore":11,"cobblemon:bluk_berry":6,"minecraft:sweet_berry_bush":31,"vampirism:dark_spruce_leaves":3,"minecraft:spruce_log":40,"cobblemon:pink_mint":3,"minecraft:andesite":4,"minecraft:grass":1,"minecraft:cobblestone_slab":1,"minecraft:sand":11,"minecraft:dirt":10,"minecraft:stone":31,"minecraft:oak_leaves":4,"minecraft:spruce_slab":4,"minecraft:fern":5},"minecraft:broken":{"minecraft:stone_axe":1},"minecraft:killed":{"minecraft:pig":2,"minecraft:sheep":1,"minecraft:skeleton":1},"minecraft:custom":{"minecraft:interact_with_furnace":3,"minecraft:mob_kills":4,"minecraft:interact_with_crafting_table":13,"vampirism:interact_with_research_table":1,"minecraft:open_barrel":16,"minecraft:time_since_death":63894,"minecraft:sleep_in_bed":1,"minecraft:climb_one_cm":11303,"minecraft:time_since_rest":1893,"minecraft:sprint_one_cm":102438,"minecraft:damage_taken":490,"minecraft:walk_one_cm":202703,"minecraft:drop":26,"minecraft:damage_dealt":480,"minecraft:swim_one_cm":6045,"minecraft:fly_one_cm":127061,"minecraft:open_chest":32,"minecraft:crouch_one_cm":9158,"minecraft:play_time":63894,"tombstone:undead_killed":1,"minecraft:sneak_time":5373,"minecraft:walk_under_water_one_cm":4120,"minecraft:jump":1162,"minecraft:walk_on_water_one_cm":8987,"minecraft:total_world_time":63894,"minecraft:fall_one_cm":21760},"minecraft:dropped":{"vampirism:dark_spruce_sapling":2,"minecraft:chicken":1,"minecraft:cobblestone":22,"vampirism:hunter_table":1,"minecraft:pumpkin_seeds":2,"minecraft:spruce_planks":4,"minecraft:andesite":5,"vampirism:cursed_earth":2,"minecraft:arrow":1,"minecraft:wooden_pickaxe":1,"minecraft:white_wool":2},"minecraft:crafted":{"minecraft:crafting_table":3,"minecraft:spruce_planks":136,"minecraft:wooden_pickaxe":1,"minecraft:furnace":1,"minecraft:copper_ingot":3,"minecraft:stone_axe":2,"minecraft:air":0,"cobblemon:poke_ball":4,"minecraft:ladder":9,"minecraft:stick":24,"minecraft:stone_pickaxe":1,"minecraft:chest":4}},"DataVersion":3465}