{"stats":{"minecraft:dropped":{"minecraft:iron_ingot":4,"minecraft:porkchop":5,"minecraft:wheat_seeds":4,"minecraft:oak_log":2,"minecraft:cobblestone":23,"minecraft:granite":1,"vampirism:hunter_table":1,"cobblemon:oran_berry":26,"minecraft:stick":4,"minecraft:dirt":1,"minecraft:rabbit":1,"vampirism:cursed_earth":2,"minecraft:white_wool":4,"minecraft:furnace":1,"vampirism:dark_spruce_sapling":2,"vampirism:vampire_orchid":1,"minecraft:raw_iron":5,"minecraft:chicken":1,"minecraft:rotten_flesh":2,"cobblemon:chesto_berry":4,"minecraft:oak_planks":93,"minecraft:pumpkin_seeds":2,"minecraft:rabbit_hide":1,"minecraft:spruce_planks":7,"minecraft:andesite":5,"minecraft:oak_sapling":2,"minecraft:arrow":1,"minecraft:wooden_pickaxe":1},"minecraft:custom":{"minecraft:mob_kills":69,"vampirism:killed_with_stake":4,"minecraft:interact_with_crafting_table":49,"minecraft:open_barrel":23,"minecraft:damage_dealt_resisted":112,"minecraft:leave_game":4,"minecraft:time_since_death":358489,"minecraft:climb_one_cm":45281,"minecraft:sprint_one_cm":655879,"minecraft:walk_one_cm":780375,"minecraft:drop":79,"vampirism:skills_unlocked":2,"minecraft:talked_to_villager":1,"minecraft:play_time":358489,"minecraft:sneak_time":8616,"minecraft:walk_under_water_one_cm":27902,"minecraft:boat_one_cm":313170,"minecraft:jump":5405,"minecraft:interact_with_blast_furnace":6,"minecraft:walk_on_water_one_cm":79507,"minecraft:total_world_time":358489,"vampirism:interact_with_injection_chair":2,"minecraft:interact_with_furnace":41,"vampirism:interact_with_research_table":1,"minecraft:sleep_in_bed":12,"minecraft:waystone_activated":3,"minecraft:time_since_rest":61572,"minecraft:damage_taken":2093,"minecraft:damage_dealt":10627,"minecraft:swim_one_cm":22858,"minecraft:fly_one_cm":864795,"minecraft:open_chest":77,"minecraft:crouch_one_cm":14380,"tombstone:undead_killed":5,"minecraft:fall_one_cm":133584},"minecraft:broken":{"vampirism:stake":1,"minecraft:stone_pickaxe":1,"minecraft:iron_axe":1,"minecraft:stone_axe":2,"minecraft:iron_pickaxe":1},"minecraft:used":{"minecraft:ladder":4,"minecraft:chest":11,"minecraft:spruce_planks":74,"minecraft:cooked_chicken":4,"minecraft:iron_chestplate":1,"minecraft:torch":171,"minecraft:dirt":29,"minecraft:spyglass":1,"minecraft:mutton":20,"minecraft:granite":2,"minecraft:stripped_spruce_log":2,"minecraft:spruce_boat":8,"minecraft:iron_axe":211,"cobblemon:apricorn_planks":23,"minecraft:sweet_berries":44,"minecraft:oak_sapling":1,"minecraft:furnace":8,"duckling:duck_egg":13,"minecraft:egg":8,"minecraft:cooked_beef":2,"minecraft:cooked_mutton":3,"minecraft:diorite":2,"infinitybuttons:blue_emergency_button":2,"minecraft:stone_pickaxe":131,"minecraft:wooden_pickaxe":14,"minecraft:blue_bed":2,"minecraft:cobblestone_slab":1,"vampirism:hunter_coat_head_ultimate":1,"minecraft:crafting_table":18,"minecraft:blast_furnace":1,"vampirism:hunter_table":1,"vampirism:stake":70,"minecraft:spruce_log":1,"waystones:waystone":3,"minecraft:iron_pickaxe":272,"minecraft:bread":6,"minecraft:spruce_sapling":2,"minecraft:stone_axe":277,"vampirism:garlic_bread":27,"minecraft:cobblestone":52,"minecraft:porkchop":17,"minecraft:cooked_porkchop":1,"minecraft:andesite":2,"vampirism:med_chair":1},"minecraft:killed":{"vampirism:vampire":6,"minecraft:spider":1,"minecraft:skeleton":2,"minecraft:horse":3,"minecraft:pig":11,"cobblemon:pokemon":7,"minecraft:creeper":1,"minecraft:sheep":8,"minecraft:zombie":3,"minecraft:enderman":1,"minecraft:cow":26},"minecraft:picked_up":{"minecraft:crafting_table":13,"minecraft:chicken":6,"cobblemon:yellow_apricorn":2,"cobblemon:red_apricorn":8,"cobblemon:wepear_berry":4,"minecraft:cornflower":2,"minecraft:string":4,"minecraft:raw_copper":28,"cobblemon:white_mint_leaf":2,"cobblemon:white_apricorn":12,"vampirism:cursed_earth":3,"minecraft:cobbled_deepslate":70,"cobblemon:green_apricorn":19,"cobblemon:white_apricorn_seed":4,"minecraft:spruce_planks":18,"minecraft:beef":49,"minecraft:rose_bush":3,"cobblemon:oran_berry":260,"minecraft:cobblestone_slab":1,"cobblemon:oval_stone":1,"cobblemon:big_root":5,"minecraft:spruce_slab":4,"cobblemon:red_mint_leaf":1,"minecraft:sugar_cane":15,"minecraft:chest":7,"cobblemon:green_apricorn_seed":2,"minecraft:furnace":6,"minecraft:egg":11,"minecraft:stick":50,"minecraft:raw_iron":93,"cobblemon:apricorn_log":100,"minecraft:torch":3,"minecraft:spruce_stairs":26,"minecraft:porkchop":33,"cobblemon:white_mint_seeds":3,"minecraft:diorite":2,"minecraft:redstone":4,"vampirism:hunter_table":3,"minecraft:rotten_flesh":3,"minecraft:arrow":2,"minecraft:honey_bottle":1,"vampirism:cobbled_dark_stone":25,"cobblemon:pink_mint_leaf":5,"minecraft:hay_block":11,"minecraft:mutton":29,"cobblemon:blue_apricorn":14,"minecraft:cobblestone":131,"minecraft:white_wool":94,"minecraft:feather":5,"vampirism:vampire_blood_bottle":2,"vampirism:med_chair":1,"minecraft:andesite":8,"minecraft:leather":30,"cobblemon:kebia_berry":10,"minecraft:tuff":16,"cobblemon:bluk_berry":10,"minecraft:oak_log":9,"minecraft:lapis_lazuli":90,"minecraft:cobblestone_wall":1,"minecraft:blue_bed":6,"minecraft:dirt":45,"cobblemon:pink_apricorn_seed":3,"minecraft:bone":1,"cobblemon:colbur_berry":12,"cobblemon:black_apricorn":9,"minecraft:wheat_seeds":4,"minecraft:raw_gold":16,"minecraft:rabbit_hide":1,"minecraft:iron_ingot":4,"cobblemon:pink_mint_seeds":7,"minecraft:rabbit":2,"minecraft:oak_planks":80,"duckling:duck_egg":13,"cobblemon:apricorn_planks":3,"cobblemon:red_apricorn_seed":1,"vampirism:cursed_spruce_log":106,"minecraft:sweet_berries":69,"vampirism:dark_spruce_sapling":6,"minecraft:blast_furnace":1,"minecraft:gravel":1,"cobblemon:premier_ball":4,"cobblemon:blue_apricorn_seed":3,"minecraft:sand":11,"vampirism:crucifix_normal":1,"minecraft:spruce_sapling":4,"minecraft:stripped_spruce_log":5,"cobblemon:persim_berry":53,"infinitybuttons:blue_emergency_button":2,"cobblemon:pink_apricorn":4,"minecraft:spruce_log":46,"cobblemon:aspear_berry":21,"minecraft:spider_eye":1,"cobblemon:red_mint_seeds":1,"minecraft:pumpkin_seeds":2,"cobblemon:poke_ball":2,"minecraft:spruce_boat":6,"waystones:waystone":3,"minecraft:granite":4,"minecraft:oak_sapling":3,"vampirism:vampire_orchid":2,"cobblemon:medicinal_leek":15,"cobblemon:chesto_berry":17,"minecraft:coal":42},"minecraft:crafted":{"minecraft:smooth_stone":3,"minecraft:oak_planks":28,"vampirism:injection_garlic":1,"vampirism:garlic_bread":14,"vampirism:cursed_spruce_planks":168,"minecraft:cooked_chicken":3,"cobblemon:apricorn_planks":20,"usefulbackpacks:backpack_small":1,"vampirism:med_chair":1,"minecraft:furnace":5,"minecraft:stone_button":4,"minecraft:blast_furnace":1,"minecraft:stone":4,"cobblemon:premier_ball":4,"minecraft:cooked_mutton":2,"minecraft:glass_pane":16,"vampirism:injection_empty":1,"minecraft:glass":11,"infinitybuttons:blue_emergency_button":1,"minecraft:iron_axe":2,"minecraft:ladder":9,"minecraft:stone_pickaxe":1,"minecraft:chest":4,"usefulbackpacks:backpack_medium":1,"vampirism:stake":2,"minecraft:spruce_boat":2,"cobblemon:azure_ball":4,"minecraft:wheat":99,"minecraft:glass_bottle":3,"minecraft:crafting_table":7,"minecraft:spruce_planks":184,"minecraft:wooden_pickaxe":1,"minecraft:copper_ingot":3,"minecraft:stone_axe":2,"minecraft:bread":33,"minecraft:air":0,"minecraft:blue_dye":2,"cobblemon:poke_ball":4,"minecraft:charcoal":12,"minecraft:iron_chestplate":1,"minecraft:stick":48,"usefulbackpacks:backpack_large":1,"minecraft:iron_ingot":88,"minecraft:iron_pickaxe":2,"minecraft:torch":208,"minecraft:shears":1},"minecraft:mined":{"minecraft:tuff":16,"minecraft:spruce_planks":5,"cobblemon:colbur_berry":3,"cobblemon:aspear_berry":11,"cobblemon:big_root":5,"cobblemon:apricorn_log":100,"minecraft:granite":4,"minecraft:grass_block":22,"vampirism:vampire_orchid":2,"cobblemon:chesto_berry":5,"minecraft:spruce_leaves":26,"infinitybuttons:blue_emergency_button":2,"vampirism:hunter_table":2,"minecraft:large_fern":3,"minecraft:hay_block":11,"minecraft:redstone_ore":1,"minecraft:furnace":7,"minecraft:iron_ore":77,"minecraft:fire":16,"cobblemon:razz_berry":2,"cobblemon:pink_mint":6,"minecraft:andesite":4,"minecraft:stripped_spruce_log":5,"minecraft:deepslate_lapis_ore":10,"cobblemon:medicinal_leek":11,"minecraft:deepslate_iron_ore":11,"minecraft:cobblestone_slab":1,"minecraft:stone":91,"minecraft:spruce_slab":4,"vampirism:cursed_earth":3,"vampirism:dark_stone":25,"vampirism:cursed_spruce_log":116,"minecraft:powder_snow":27,"cobblemon:apricorn_planks":3,"minecraft:crafting_table":13,"minecraft:cornflower":2,"cobblemon:apricorn_leaves":81,"minecraft:blast_furnace":1,"minecraft:chest":7,"cobblemon:wepear_berry":3,"minecraft:dead_bush":1,"minecraft:tall_grass":1,"minecraft:copper_ore":9,"minecraft:cobblestone":19,"minecraft:deepslate_gold_ore":11,"minecraft:lapis_ore":3,"minecraft:sugar_cane":5,"cobblemon:oran_berry":22,"minecraft:diorite":2,"minecraft:blue_bed":6,"minecraft:seagrass":3,"minecraft:spruce_stairs":26,"minecraft:coarse_dirt":1,"minecraft:cobblestone_wall":1,"cobblemon:red_mint":1,"minecraft:birch_leaves":1,"cobblemon:bluk_berry":6,"vampirism:dark_spruce_leaves":3,"minecraft:sweet_berry_bush":34,"vampirism:med_chair":1,"minecraft:spruce_log":47,"vampirism:cursed_roots":1,"minecraft:grass":35,"minecraft:coal_ore":42,"minecraft:oak_log":7,"cobblemon:white_mint":3,"minecraft:gravel":4,"minecraft:sand":11,"minecraft:dirt":27,"minecraft:gold_ore":5,"minecraft:deepslate":73,"minecraft:oak_leaves":21,"minecraft:fern":7}},"DataVersion":3465}