{"stats":{"minecraft:picked_up":{"cobblemon:red_apricorn_seed":1,"minecraft:stick":7,"minecraft:crafting_table":1,"cobblemon:apricorn_log":25,"minecraft:feather":1,"minecraft:chicken":1,"cobblemon:yellow_apricorn":2,"cobblemon:red_apricorn":7,"minecraft:porkchop":4,"cobblemon:pink_apricorn":2,"minecraft:spruce_sapling":3,"minecraft:spruce_log":23,"cobblemon:aspear_berry":8,"minecraft:dirt":13,"cobblemon:pink_apricorn_seed":1,"minecraft:arrow":1,"cobblemon:black_apricorn":1,"cobblemon:pink_mint_leaf":1,"cobblemon:green_apricorn":1,"cobblemon:pink_mint_seeds":3,"minecraft:mutton":2,"minecraft:white_wool":1,"minecraft:cobblestone":24,"minecraft:egg":1},"minecraft:mined":{"cobblemon:pink_mint":3,"minecraft:spruce_log":24,"cobblemon:aspear_berry":11,"cobblemon:apricorn_log":25,"minecraft:crafting_table":1,"cobblemon:apricorn_leaves":36,"minecraft:grass_block":4,"minecraft:dirt":9,"minecraft:spruce_leaves":12,"minecraft:stone":25,"cobblemon:oran_berry":1,"minecraft:fern":1},"minecraft:used":{"minecraft:stone_pickaxe":11,"minecraft:spruce_planks":5,"minecraft:wooden_pickaxe":14,"minecraft:spruce_sapling":1,"minecraft:stone_axe":60,"minecraft:mutton":2,"minecraft:cobblestone":1,"minecraft:crafting_table":1,"minecraft:porkchop":4},"minecraft:killed":{"minecraft:skeleton":1,"minecraft:sheep":1,"minecraft:pig":2},"minecraft:custom":{"minecraft:time_since_rest":15894,"minecraft:sprint_one_cm":32001,"minecraft:damage_taken":200,"minecraft:walk_one_cm":55648,"minecraft:mob_kills":4,"minecraft:drop":2,"minecraft:damage_dealt":480,"minecraft:interact_with_crafting_table":3,"minecraft:swim_one_cm":1061,"minecraft:fly_one_cm":56367,"minecraft:crouch_one_cm":516,"minecraft:play_time":15894,"tombstone:undead_killed":1,"minecraft:sneak_time":374,"minecraft:walk_under_water_one_cm":270,"minecraft:jump":413,"minecraft:time_since_death":15894,"minecraft:walk_on_water_one_cm":623,"minecraft:total_world_time":15894,"minecraft:fall_one_cm":8034},"minecraft:dropped":{"minecraft:chicken":1,"minecraft:wooden_pickaxe":1},"minecraft:crafted":{"minecraft:crafting_table":1,"minecraft:spruce_planks":92,"minecraft:stick":8,"minecraft:wooden_pickaxe":1,"minecraft:stone_pickaxe":1,"minecraft:furnace":1,"minecraft:stone_axe":1}},"DataVersion":3465}