{"stats":{"minecraft:crafted":{"minecraft:smooth_stone":3,"minecraft:oak_planks":28,"vampirism:injection_garlic":1,"vampirism:garlic_bread":14,"minecraft:cooked_chicken":3,"vampirism:cursed_spruce_planks":168,"cobblemon:apricorn_planks":20,"usefulbackpacks:backpack_small":2,"vampirism:med_chair":1,"minecraft:furnace":5,"minecraft:stone_button":4,"minecraft:blast_furnace":1,"minecraft:stone":4,"cobblemon:premier_ball":4,"minecraft:cooked_mutton":2,"minecraft:glass_pane":16,"vampirism:injection_empty":1,"minecraft:glass":11,"infinitybuttons:blue_emergency_button":1,"minecraft:iron_axe":2,"minecraft:ladder":9,"minecraft:stone_pickaxe":1,"minecraft:chest":4,"usefulbackpacks:backpack_medium":2,"vampirism:stake":2,"minecraft:spruce_boat":2,"cobblemon:azure_ball":4,"minecraft:wheat":99,"minecraft:glass_bottle":3,"minecraft:crafting_table":7,"minecraft:spruce_planks":184,"minecraft:wooden_pickaxe":1,"minecraft:copper_ingot":3,"minecraft:stone_axe":2,"minecraft:bread":33,"minecraft:air":0,"minecraft:blue_dye":2,"cobblemon:poke_ball":4,"minecraft:iron_chestplate":1,"minecraft:charcoal":21,"minecraft:stick":64,"usefulbackpacks:backpack_large":2,"minecraft:iron_ingot":88,"minecraft:iron_pickaxe":5,"minecraft:torch":248,"infinitybuttons:blue_safe_emergency_button":1,"minecraft:shears":1},"minecraft:killed":{"vampirism:vampire":6,"minecraft:spider":1,"minecraft:skeleton":2,"minecraft:horse":3,"vampirism:villager_converted":2,"vampirism:task_master_vampire":1,"minecraft:pig":11,"cobblemon:pokemon":7,"minecraft:creeper":3,"minecraft:sheep":8,"minecraft:zombie":4,"minecraft:enderman":1,"minecraft:cow":26},"minecraft:used":{"minecraft:ladder":4,"minecraft:chest":11,"minecraft:spruce_planks":74,"minecraft:grass":2,"minecraft:cooked_chicken":4,"minecraft:torch":233,"minecraft:iron_chestplate":1,"minecraft:dirt":30,"minecraft:spyglass":2,"minecraft:mutton":20,"minecraft:stripped_spruce_log":2,"minecraft:granite":4,"minecraft:spruce_boat":8,"minecraft:iron_axe":257,"cobblemon:apricorn_planks":23,"minecraft:sweet_berries":44,"minecraft:oak_sapling":1,"minecraft:furnace":9,"duckling:duck_egg":13,"minecraft:egg":8,"minecraft:cooked_beef":2,"minecraft:cobbled_deepslate":150,"minecraft:cooked_mutton":3,"infinitybuttons:blue_safe_emergency_button":1,"minecraft:diorite":2,"infinitybuttons:blue_emergency_button":2,"minecraft:stone_pickaxe":131,"minecraft:cobblestone_slab":1,"minecraft:wooden_pickaxe":14,"minecraft:blue_bed":3,"vampirism:hunter_coat_head_ultimate":1,"minecraft:crafting_table":22,"minecraft:blast_furnace":1,"vampirism:hunter_table":1,"vampirism:stake":70,"minecraft:shears":2,"minecraft:spruce_log":1,"waystones:waystone":3,"minecraft:iron_pickaxe":1210,"minecraft:bread":8,"minecraft:spruce_sapling":2,"minecraft:stone_axe":277,"vampirism:garlic_bread":30,"minecraft:cobblestone":62,"minecraft:porkchop":17,"minecraft:cooked_porkchop":1,"minecraft:andesite":2,"vampirism:med_chair":1},"minecraft:picked_up":{"minecraft:charcoal":1,"minecraft:crafting_table":16,"minecraft:chicken":6,"cobblemon:yellow_apricorn":9,"cobblemon:red_apricorn":8,"minecraft:cornflower":2,"cobblemon:wepear_berry":4,"minecraft:string":5,"minecraft:raw_copper":32,"cobblemon:white_mint_leaf":2,"cobblemon:white_apricorn":12,"vampirism:cursed_spruce_planks":23,"vampirism:cursed_earth":3,"minecraft:cobbled_deepslate":642,"cobblemon:green_apricorn":19,"cobblemon:white_apricorn_seed":4,"minecraft:spruce_planks":18,"minecraft:beef":49,"cobblemon:oran_berry":279,"minecraft:rose_bush":3,"cobblemon:oval_stone":1,"minecraft:cobblestone_slab":1,"minecraft:spruce_slab":4,"cobblemon:big_root":5,"minecraft:sugar_cane":15,"minecraft:chest":7,"cobblemon:green_apricorn_seed":2,"minecraft:furnace":7,"cobblemon:red_mint_leaf":1,"minecraft:egg":13,"minecraft:stick":54,"minecraft:raw_iron":105,"cobblemon:apricorn_log":115,"minecraft:torch":17,"minecraft:spruce_stairs":26,"minecraft:porkchop":33,"cobblemon:rawst_berry":12,"cobblemon:white_mint_seeds":3,"minecraft:diorite":2,"minecraft:redstone":8,"vampirism:hunter_table":3,"minecraft:arrow":2,"minecraft:honey_bottle":1,"minecraft:rotten_flesh":4,"vampirism:cobbled_dark_stone":25,"cobblemon:pink_mint_leaf":5,"minecraft:hay_block":21,"minecraft:mutton":29,"cobblemon:blue_apricorn":14,"minecraft:white_wool":99,"minecraft:cobblestone":289,"minecraft:feather":5,"vampirism:vampire_blood_bottle":2,"vampirism:med_chair":1,"minecraft:andesite":26,"minecraft:leather":30,"cobblemon:kebia_berry":10,"minecraft:tuff":62,"minecraft:oak_log":9,"cobblemon:bluk_berry":10,"minecraft:cobblestone_wall":1,"minecraft:lapis_lazuli":90,"minecraft:blue_bed":7,"minecraft:dirt":58,"cobblemon:pink_apricorn_seed":6,"infinitybuttons:blue_safe_emergency_button":1,"cobblemon:colbur_berry":12,"minecraft:bone":1,"minecraft:wheat_seeds":4,"cobblemon:black_apricorn":9,"minecraft:raw_gold":22,"minecraft:rabbit_hide":1,"minecraft:iron_ingot":4,"cobblemon:pink_mint_seeds":7,"minecraft:rabbit":2,"minecraft:oak_planks":80,"duckling:duck_egg":13,"cobblemon:apricorn_planks":3,"cobblemon:red_apricorn_seed":1,"vampirism:cursed_spruce_log":149,"cobblemon:yellow_apricorn_seed":1,"minecraft:sweet_berries":69,"vampirism:dark_spruce_sapling":6,"cobblemon:blue_apricorn_seed":3,"minecraft:dripstone_block":1,"minecraft:gravel":4,"cobblemon:premier_ball":4,"cobblemon:aguav_berry":1,"minecraft:sand":11,"vampirism:crucifix_normal":1,"minecraft:spruce_sapling":4,"cobblemon:persim_berry":64,"minecraft:stripped_spruce_log":5,"infinitybuttons:blue_emergency_button":2,"minecraft:blast_furnace":1,"cobblemon:pink_apricorn":8,"minecraft:spruce_log":46,"cobblemon:aspear_berry":21,"minecraft:spider_eye":1,"cobblemon:red_mint_seeds":1,"minecraft:pumpkin_seeds":2,"minecraft:spruce_boat":6,"cobblemon:poke_ball":2,"waystones:waystone":3,"minecraft:granite":6,"minecraft:grass":2,"cobblemon:chesto_berry":17,"vampirism:vampire_orchid":2,"cobblemon:medicinal_leek":17,"minecraft:oak_sapling":4,"minecraft:coal":42},"minecraft:broken":{"vampirism:stake":1,"minecraft:stone_pickaxe":1,"minecraft:iron_axe":1,"minecraft:stone_axe":2,"minecraft:iron_pickaxe":4},"minecraft:custom":{"minecraft:mob_kills":75,"vampirism:killed_with_stake":4,"minecraft:interact_with_crafting_table":63,"minecraft:open_barrel":24,"minecraft:bell_ring":1,"minecraft:damage_dealt_resisted":112,"minecraft:leave_game":4,"minecraft:time_since_death":436476,"minecraft:climb_one_cm":50487,"minecraft:sprint_one_cm":711350,"minecraft:walk_one_cm":927159,"minecraft:drop":81,"vampirism:capture_village":1,"vampirism:skills_unlocked":2,"minecraft:talked_to_villager":1,"minecraft:play_time":436476,"minecraft:sneak_time":11563,"minecraft:walk_under_water_one_cm":32421,"minecraft:boat_one_cm":313170,"minecraft:jump":6098,"minecraft:interact_with_blast_furnace":6,"minecraft:walk_on_water_one_cm":90316,"minecraft:total_world_time":436476,"vampirism:win_village_capture":1,"vampirism:interact_with_injection_chair":2,"minecraft:interact_with_furnace":45,"vampirism:interact_with_research_table":1,"minecraft:sleep_in_bed":13,"minecraft:waystone_activated":3,"minecraft:time_since_rest":23530,"minecraft:damage_taken":2283,"minecraft:damage_dealt":11857,"minecraft:swim_one_cm":28082,"minecraft:fly_one_cm":936860,"minecraft:open_chest":86,"minecraft:crouch_one_cm":18259,"tombstone:undead_killed":6,"tombstone:villager_killed":2,"minecraft:fall_one_cm":144881},"minecraft:mined":{"minecraft:tuff":75,"minecraft:spruce_planks":5,"cobblemon:colbur_berry":3,"cobblemon:aspear_berry":11,"cobblemon:apricorn_log":115,"cobblemon:big_root":5,"minecraft:granite":6,"infinitybuttons:blue_safe_emergency_button":1,"minecraft:grass_block":26,"vampirism:vampire_orchid":2,"cobblemon:chesto_berry":5,"minecraft:spruce_leaves":26,"infinitybuttons:blue_emergency_button":2,"vampirism:hunter_table":2,"minecraft:large_fern":3,"minecraft:hay_block":21,"minecraft:redstone_ore":1,"minecraft:furnace":8,"minecraft:iron_ore":85,"minecraft:fire":16,"minecraft:cobbled_deepslate":78,"cobblemon:razz_berry":2,"cobblemon:pink_mint":6,"minecraft:andesite":22,"minecraft:stripped_spruce_log":7,"minecraft:deepslate_lapis_ore":10,"cobblemon:medicinal_leek":12,"minecraft:cobblestone_slab":1,"minecraft:deepslate_iron_ore":15,"minecraft:stone":249,"minecraft:spruce_slab":4,"vampirism:cursed_earth":3,"minecraft:deepslate_redstone_ore":2,"vampirism:dark_stone":25,"vampirism:cursed_spruce_log":116,"cobblemon:apricorn_planks":3,"minecraft:powder_snow":27,"cobblemon:apricorn_leaves":88,"minecraft:cornflower":2,"minecraft:crafting_table":16,"minecraft:torch":5,"minecraft:blast_furnace":1,"minecraft:chest":7,"cobblemon:wepear_berry":3,"minecraft:dead_bush":1,"minecraft:copper_ore":10,"minecraft:tall_grass":1,"minecraft:cobblestone":19,"minecraft:deepslate_gold_ore":17,"minecraft:lapis_ore":3,"cobblemon:oran_berry":22,"minecraft:sugar_cane":5,"minecraft:diorite":2,"minecraft:blue_bed":7,"minecraft:wall_torch":8,"minecraft:spruce_stairs":26,"minecraft:seagrass":3,"minecraft:coarse_dirt":1,"minecraft:spruce_log":49,"minecraft:birch_leaves":1,"vampirism:med_chair":1,"minecraft:cobblestone_wall":1,"vampirism:dark_spruce_leaves":3,"cobblemon:bluk_berry":6,"cobblemon:red_mint":1,"minecraft:sweet_berry_bush":34,"vampirism:cursed_roots":1,"minecraft:grass":37,"minecraft:coal_ore":42,"minecraft:oak_log":7,"cobblemon:white_mint":3,"minecraft:gravel":7,"minecraft:dirt":36,"minecraft:sand":11,"minecraft:dripstone_block":1,"minecraft:gold_ore":5,"minecraft:oak_leaves":34,"minecraft:deepslate":667,"minecraft:fern":7},"minecraft:dropped":{"minecraft:iron_ingot":4,"minecraft:porkchop":5,"minecraft:wheat_seeds":4,"minecraft:oak_log":2,"minecraft:cobblestone":23,"minecraft:granite":1,"vampirism:hunter_table":1,"cobblemon:oran_berry":26,"minecraft:stick":4,"minecraft:dirt":1,"minecraft:rabbit":1,"vampirism:cursed_earth":2,"minecraft:white_wool":4,"minecraft:furnace":1,"vampirism:dark_spruce_sapling":2,"vampirism:vampire_orchid":1,"minecraft:raw_iron":5,"minecraft:chicken":1,"minecraft:rotten_flesh":2,"cobblemon:chesto_berry":4,"minecraft:oak_planks":93,"minecraft:pumpkin_seeds":2,"minecraft:rabbit_hide":1,"minecraft:spruce_planks":7,"minecraft:andesite":5,"minecraft:charcoal":1,"minecraft:oak_sapling":3,"minecraft:arrow":1,"minecraft:wooden_pickaxe":1}},"DataVersion":3465}