{"stats":{"minecraft:picked_up":{"minecraft:crafting_table":3,"minecraft:feather":3,"vampirism:med_chair":1,"minecraft:chicken":3,"minecraft:andesite":8,"cobblemon:yellow_apricorn":2,"cobblemon:red_apricorn":7,"cobblemon:bluk_berry":10,"minecraft:dirt":14,"cobblemon:pink_apricorn_seed":3,"minecraft:raw_copper":3,"cobblemon:colbur_berry":12,"cobblemon:black_apricorn":2,"vampirism:cursed_earth":2,"cobblemon:green_apricorn":16,"minecraft:spruce_planks":16,"cobblemon:pink_mint_seeds":3,"cobblemon:oran_berry":15,"minecraft:cobblestone_slab":1,"minecraft:rabbit":1,"minecraft:spruce_slab":4,"minecraft:chest":7,"cobblemon:green_apricorn_seed":2,"duckling:duck_egg":4,"minecraft:egg":5,"minecraft:raw_iron":11,"cobblemon:red_apricorn_seed":1,"minecraft:stick":25,"vampirism:cursed_spruce_log":82,"cobblemon:apricorn_log":55,"minecraft:sweet_berries":64,"vampirism:dark_spruce_sapling":5,"minecraft:spruce_stairs":24,"minecraft:sand":11,"minecraft:porkchop":4,"vampirism:crucifix_normal":1,"minecraft:spruce_sapling":3,"cobblemon:pink_apricorn":4,"minecraft:spruce_log":44,"minecraft:spider_eye":1,"cobblemon:aspear_berry":8,"vampirism:hunter_table":2,"minecraft:rotten_flesh":1,"minecraft:pumpkin_seeds":2,"minecraft:arrow":2,"waystones:waystone":2,"vampirism:cobbled_dark_stone":3,"cobblemon:pink_mint_leaf":1,"minecraft:hay_block":11,"vampirism:vampire_orchid":1,"minecraft:oak_sapling":1,"cobblemon:chesto_berry":5,"minecraft:mutton":2,"cobblemon:blue_apricorn":4,"minecraft:white_wool":3,"minecraft:cobblestone":70},"minecraft:used":{"minecraft:cooked_mutton":1,"minecraft:stone_pickaxe":59,"minecraft:ladder":4,"minecraft:chest":11,"minecraft:spruce_planks":62,"minecraft:wooden_pickaxe":14,"minecraft:cooked_chicken":1,"minecraft:cobblestone_slab":1,"minecraft:spyglass":1,"minecraft:mutton":2,"vampirism:hunter_coat_head_ultimate":1,"minecraft:crafting_table":6,"minecraft:spruce_boat":1,"minecraft:spruce_log":1,"minecraft:bread":2,"minecraft:spruce_sapling":1,"minecraft:stone_axe":267,"vampirism:garlic_bread":4,"duckling:duck_egg":4,"minecraft:cobblestone":23,"minecraft:sweet_berries":43,"minecraft:oak_sapling":1,"minecraft:cooked_porkchop":1,"minecraft:furnace":2,"minecraft:porkchop":4,"minecraft:andesite":2,"vampirism:med_chair":1,"minecraft:egg":5,"minecraft:cooked_beef":2},"minecraft:mined":{"vampirism:cursed_earth":2,"minecraft:spruce_planks":5,"vampirism:dark_stone":3,"cobblemon:colbur_berry":3,"vampirism:cursed_spruce_log":91,"cobblemon:aspear_berry":11,"minecraft:powder_snow":27,"cobblemon:apricorn_log":55,"minecraft:crafting_table":3,"cobblemon:apricorn_leaves":51,"minecraft:grass_block":4,"minecraft:chest":7,"vampirism:vampire_orchid":1,"cobblemon:chesto_berry":5,"minecraft:copper_ore":1,"minecraft:cobblestone":16,"minecraft:spruce_leaves":19,"vampirism:hunter_table":1,"cobblemon:oran_berry":12,"minecraft:large_fern":3,"minecraft:hay_block":11,"minecraft:spruce_stairs":24,"minecraft:furnace":1,"cobblemon:razz_berry":2,"minecraft:iron_ore":11,"cobblemon:bluk_berry":6,"minecraft:sweet_berry_bush":32,"vampirism:dark_spruce_leaves":3,"vampirism:med_chair":1,"minecraft:spruce_log":45,"cobblemon:pink_mint":3,"minecraft:andesite":4,"minecraft:grass":3,"minecraft:cobblestone_slab":1,"minecraft:sand":11,"minecraft:dirt":10,"minecraft:stone":33,"minecraft:oak_leaves":5,"minecraft:spruce_slab":4,"minecraft:fern":5},"minecraft:broken":{"minecraft:stone_axe":1},"minecraft:killed":{"minecraft:pig":2,"cobblemon:pokemon":1,"minecraft:sheep":1,"minecraft:skeleton":1},"minecraft:custom":{"minecraft:interact_with_furnace":13,"minecraft:mob_kills":5,"minecraft:interact_with_crafting_table":26,"vampirism:interact_with_research_table":1,"minecraft:open_barrel":19,"minecraft:time_since_death":105894,"minecraft:sleep_in_bed":3,"minecraft:climb_one_cm":20752,"minecraft:time_since_rest":9645,"minecraft:sprint_one_cm":163166,"minecraft:damage_taken":730,"minecraft:walk_one_cm":279043,"vampirism:skills_unlocked":1,"minecraft:drop":26,"minecraft:damage_dealt":580,"minecraft:swim_one_cm":8131,"minecraft:fly_one_cm":188816,"minecraft:boat_one_cm":5085,"minecraft:open_chest":49,"minecraft:crouch_one_cm":9566,"minecraft:play_time":105894,"tombstone:undead_killed":1,"minecraft:sneak_time":5707,"minecraft:walk_under_water_one_cm":12259,"minecraft:jump":1600,"minecraft:walk_on_water_one_cm":20461,"minecraft:total_world_time":105894,"vampirism:interact_with_injection_chair":2,"minecraft:fall_one_cm":33146},"minecraft:dropped":{"vampirism:dark_spruce_sapling":2,"minecraft:chicken":1,"minecraft:cobblestone":22,"vampirism:hunter_table":1,"minecraft:pumpkin_seeds":2,"minecraft:spruce_planks":4,"minecraft:andesite":5,"vampirism:cursed_earth":2,"minecraft:arrow":1,"minecraft:wooden_pickaxe":1,"minecraft:white_wool":2},"minecraft:crafted":{"minecraft:glass_bottle":3,"vampirism:injection_garlic":1,"minecraft:crafting_table":4,"minecraft:spruce_planks":164,"minecraft:wooden_pickaxe":1,"vampirism:med_chair":1,"minecraft:furnace":2,"minecraft:copper_ingot":3,"minecraft:stone_axe":2,"vampirism:injection_empty":1,"minecraft:air":0,"minecraft:glass_pane":16,"minecraft:glass":11,"cobblemon:poke_ball":4,"minecraft:ladder":9,"minecraft:stick":28,"minecraft:iron_ingot":11,"minecraft:stone_pickaxe":1,"minecraft:spruce_boat":1,"minecraft:chest":4,"vampirism:stake":2,"minecraft:wheat":99}},"DataVersion":3465}