{"stats":{"minecraft:picked_up":{"minecraft:crafting_table":2,"minecraft:feather":1,"minecraft:chicken":1,"minecraft:andesite":8,"cobblemon:yellow_apricorn":2,"cobblemon:red_apricorn":7,"cobblemon:bluk_berry":10,"minecraft:dirt":13,"cobblemon:pink_apricorn_seed":3,"minecraft:raw_copper":3,"cobblemon:black_apricorn":1,"vampirism:cursed_earth":2,"cobblemon:green_apricorn":7,"minecraft:spruce_planks":16,"cobblemon:pink_mint_seeds":3,"minecraft:cobblestone_slab":1,"minecraft:spruce_slab":4,"minecraft:chest":7,"cobblemon:green_apricorn_seed":1,"minecraft:egg":1,"minecraft:raw_iron":1,"cobblemon:red_apricorn_seed":1,"minecraft:stick":11,"vampirism:cursed_spruce_log":26,"cobblemon:apricorn_log":35,"minecraft:sweet_berries":5,"vampirism:dark_spruce_sapling":2,"minecraft:spruce_stairs":24,"minecraft:sand":11,"minecraft:porkchop":4,"vampirism:crucifix_normal":1,"minecraft:spruce_sapling":3,"cobblemon:pink_apricorn":4,"minecraft:spruce_log":39,"cobblemon:aspear_berry":8,"vampirism:hunter_table":2,"minecraft:arrow":2,"vampirism:cobbled_dark_stone":3,"cobblemon:pink_mint_leaf":1,"minecraft:hay_block":11,"minecraft:mutton":2,"minecraft:white_wool":3,"minecraft:cobblestone":59},"minecraft:used":{"minecraft:cooked_mutton":1,"minecraft:stone_pickaxe":35,"minecraft:ladder":4,"minecraft:chest":11,"minecraft:spruce_planks":53,"minecraft:wooden_pickaxe":14,"minecraft:cooked_chicken":1,"minecraft:cobblestone_slab":1,"minecraft:spyglass":1,"minecraft:mutton":2,"minecraft:crafting_table":5,"minecraft:spruce_log":1,"minecraft:spruce_sapling":1,"minecraft:stone_axe":160,"minecraft:cobblestone":17,"minecraft:sweet_berries":1,"minecraft:cooked_porkchop":1,"minecraft:furnace":1,"minecraft:porkchop":4,"minecraft:andesite":2,"minecraft:egg":1,"minecraft:cooked_beef":2},"minecraft:mined":{"vampirism:cursed_earth":2,"minecraft:spruce_planks":5,"vampirism:dark_stone":3,"vampirism:cursed_spruce_log":26,"cobblemon:aspear_berry":11,"cobblemon:apricorn_log":35,"minecraft:crafting_table":2,"cobblemon:apricorn_leaves":37,"minecraft:grass_block":4,"minecraft:chest":7,"minecraft:copper_ore":1,"minecraft:cobblestone":10,"minecraft:spruce_leaves":19,"vampirism:hunter_table":1,"cobblemon:oran_berry":4,"minecraft:hay_block":11,"minecraft:spruce_stairs":24,"minecraft:furnace":1,"minecraft:iron_ore":1,"cobblemon:bluk_berry":6,"minecraft:sweet_berry_bush":3,"vampirism:dark_spruce_leaves":3,"minecraft:spruce_log":40,"cobblemon:pink_mint":3,"minecraft:andesite":4,"minecraft:cobblestone_slab":1,"minecraft:sand":11,"minecraft:dirt":9,"minecraft:stone":28,"minecraft:spruce_slab":4,"minecraft:fern":2},"minecraft:broken":{"minecraft:stone_axe":1},"minecraft:killed":{"minecraft:pig":2,"minecraft:sheep":1,"minecraft:skeleton":1},"minecraft:custom":{"minecraft:interact_with_furnace":3,"minecraft:mob_kills":4,"minecraft:interact_with_crafting_table":13,"vampirism:interact_with_research_table":1,"minecraft:open_barrel":16,"minecraft:time_since_death":51894,"minecraft:climb_one_cm":11303,"minecraft:time_since_rest":51894,"minecraft:sprint_one_cm":69061,"minecraft:damage_taken":400,"minecraft:walk_one_cm":171841,"minecraft:drop":24,"minecraft:damage_dealt":480,"minecraft:swim_one_cm":6045,"minecraft:fly_one_cm":94019,"minecraft:open_chest":31,"minecraft:crouch_one_cm":7710,"minecraft:play_time":51894,"tombstone:undead_killed":1,"minecraft:sneak_time":4348,"minecraft:walk_under_water_one_cm":4120,"minecraft:jump":914,"minecraft:walk_on_water_one_cm":8658,"minecraft:total_world_time":51894,"minecraft:fall_one_cm":15674},"minecraft:dropped":{"vampirism:dark_spruce_sapling":2,"minecraft:chicken":1,"minecraft:cobblestone":22,"vampirism:hunter_table":1,"minecraft:spruce_planks":4,"minecraft:andesite":5,"vampirism:cursed_earth":2,"minecraft:arrow":1,"minecraft:wooden_pickaxe":1,"minecraft:white_wool":2},"minecraft:crafted":{"minecraft:crafting_table":3,"minecraft:spruce_planks":136,"minecraft:wooden_pickaxe":1,"minecraft:furnace":1,"minecraft:copper_ingot":3,"minecraft:stone_axe":2,"minecraft:air":0,"cobblemon:poke_ball":4,"minecraft:ladder":9,"minecraft:stick":24,"minecraft:stone_pickaxe":1,"minecraft:chest":4}},"DataVersion":3465}