{"stats":{"minecraft:used":{"minecraft:ladder":4,"minecraft:chest":11,"minecraft:spruce_planks":65,"minecraft:cooked_chicken":4,"minecraft:spyglass":1,"minecraft:mutton":2,"minecraft:stripped_spruce_log":2,"minecraft:spruce_boat":3,"minecraft:iron_axe":24,"cobblemon:apricorn_planks":2,"minecraft:sweet_berries":44,"minecraft:furnace":4,"minecraft:oak_sapling":1,"duckling:duck_egg":9,"minecraft:egg":5,"minecraft:cooked_beef":2,"minecraft:cooked_mutton":3,"infinitybuttons:blue_emergency_button":1,"minecraft:stone_pickaxe":69,"minecraft:wooden_pickaxe":14,"minecraft:cobblestone_slab":1,"vampirism:hunter_coat_head_ultimate":1,"minecraft:crafting_table":7,"vampirism:hunter_table":1,"vampirism:stake":31,"minecraft:spruce_log":1,"minecraft:bread":2,"minecraft:spruce_sapling":2,"minecraft:stone_axe":277,"vampirism:garlic_bread":7,"minecraft:cobblestone":23,"minecraft:cooked_porkchop":1,"minecraft:porkchop":4,"minecraft:andesite":2,"vampirism:med_chair":1},"minecraft:custom":{"minecraft:mob_kills":22,"minecraft:interact_with_crafting_table":29,"minecraft:open_barrel":20,"minecraft:leave_game":1,"minecraft:time_since_death":172949,"minecraft:climb_one_cm":35417,"minecraft:sprint_one_cm":263974,"minecraft:walk_one_cm":411974,"minecraft:drop":34,"vampirism:skills_unlocked":2,"minecraft:play_time":172949,"minecraft:sneak_time":6517,"minecraft:walk_under_water_one_cm":18916,"minecraft:boat_one_cm":50280,"minecraft:jump":2403,"minecraft:walk_on_water_one_cm":37008,"minecraft:total_world_time":172949,"vampirism:interact_with_injection_chair":2,"minecraft:interact_with_furnace":25,"vampirism:interact_with_research_table":1,"minecraft:sleep_in_bed":5,"minecraft:time_since_rest":38269,"minecraft:damage_taken":1092,"minecraft:damage_dealt":2864,"minecraft:swim_one_cm":15503,"minecraft:fly_one_cm":323480,"minecraft:open_chest":64,"minecraft:crouch_one_cm":10937,"tombstone:undead_killed":4,"minecraft:fall_one_cm":55044},"minecraft:killed":{"vampirism:vampire":2,"minecraft:skeleton":2,"minecraft:pig":9,"cobblemon:pokemon":1,"minecraft:sheep":2,"minecraft:zombie":2,"minecraft:cow":4},"minecraft:dropped":{"minecraft:wheat_seeds":3,"minecraft:cobblestone":22,"vampirism:hunter_table":1,"vampirism:cursed_earth":2,"minecraft:white_wool":2,"vampirism:dark_spruce_sapling":2,"minecraft:chicken":1,"minecraft:rotten_flesh":2,"minecraft:pumpkin_seeds":2,"minecraft:spruce_planks":7,"minecraft:andesite":5,"minecraft:arrow":1,"minecraft:wooden_pickaxe":1},"minecraft:crafted":{"vampirism:injection_garlic":1,"minecraft:cooked_chicken":3,"cobblemon:apricorn_planks":20,"vampirism:med_chair":1,"minecraft:furnace":3,"minecraft:stone_button":4,"minecraft:stone":1,"minecraft:cooked_mutton":2,"minecraft:glass_pane":16,"vampirism:injection_empty":1,"minecraft:glass":11,"infinitybuttons:blue_emergency_button":1,"minecraft:iron_axe":1,"minecraft:ladder":9,"minecraft:stone_pickaxe":1,"minecraft:chest":4,"vampirism:stake":2,"minecraft:spruce_boat":1,"minecraft:wheat":99,"minecraft:glass_bottle":3,"minecraft:crafting_table":5,"minecraft:spruce_planks":164,"minecraft:wooden_pickaxe":1,"minecraft:copper_ingot":3,"minecraft:stone_axe":2,"minecraft:air":0,"minecraft:blue_dye":2,"cobblemon:poke_ball":4,"minecraft:stick":28,"minecraft:iron_ingot":11},"minecraft:mined":{"minecraft:spruce_planks":5,"cobblemon:colbur_berry":3,"cobblemon:aspear_berry":11,"cobblemon:apricorn_log":60,"minecraft:grass_block":4,"vampirism:vampire_orchid":2,"cobblemon:chesto_berry":5,"minecraft:spruce_leaves":23,"infinitybuttons:blue_emergency_button":1,"vampirism:hunter_table":1,"minecraft:large_fern":3,"minecraft:hay_block":11,"minecraft:furnace":2,"minecraft:iron_ore":11,"cobblemon:razz_berry":2,"cobblemon:pink_mint":3,"minecraft:andesite":4,"minecraft:stripped_spruce_log":2,"cobblemon:medicinal_leek":11,"minecraft:cobblestone_slab":1,"minecraft:stone":41,"minecraft:spruce_slab":4,"vampirism:cursed_earth":2,"vampirism:dark_stone":3,"vampirism:cursed_spruce_log":91,"minecraft:powder_snow":27,"minecraft:cornflower":2,"cobblemon:apricorn_planks":2,"minecraft:crafting_table":4,"cobblemon:apricorn_leaves":56,"minecraft:chest":7,"minecraft:dead_bush":1,"minecraft:copper_ore":1,"minecraft:cobblestone":17,"cobblemon:oran_berry":17,"minecraft:seagrass":3,"minecraft:spruce_stairs":24,"minecraft:coarse_dirt":1,"cobblemon:bluk_berry":6,"vampirism:dark_spruce_leaves":3,"minecraft:sweet_berry_bush":32,"vampirism:med_chair":1,"minecraft:spruce_log":45,"vampirism:cursed_roots":1,"minecraft:grass":28,"cobblemon:white_mint":3,"minecraft:sand":11,"minecraft:dirt":10,"minecraft:oak_leaves":12,"minecraft:fern":7},"minecraft:broken":{"minecraft:stone_axe":2},"minecraft:picked_up":{"minecraft:crafting_table":4,"minecraft:chicken":4,"cobblemon:yellow_apricorn":2,"cobblemon:red_apricorn":8,"minecraft:cornflower":2,"minecraft:raw_copper":3,"cobblemon:white_mint_leaf":2,"vampirism:cursed_earth":2,"cobblemon:green_apricorn":16,"minecraft:spruce_planks":18,"minecraft:beef":8,"cobblemon:oran_berry":56,"minecraft:cobblestone_slab":1,"minecraft:spruce_slab":4,"minecraft:chest":7,"cobblemon:green_apricorn_seed":2,"minecraft:furnace":1,"minecraft:egg":5,"minecraft:raw_iron":11,"minecraft:stick":25,"cobblemon:apricorn_log":60,"minecraft:spruce_stairs":24,"minecraft:porkchop":23,"cobblemon:white_mint_seeds":3,"vampirism:hunter_table":2,"minecraft:honey_bottle":1,"minecraft:arrow":2,"minecraft:rotten_flesh":3,"vampirism:cobbled_dark_stone":3,"cobblemon:pink_mint_leaf":1,"minecraft:hay_block":11,"minecraft:mutton":6,"cobblemon:blue_apricorn":4,"minecraft:cobblestone":79,"minecraft:white_wool":5,"vampirism:vampire_blood_bottle":1,"minecraft:feather":4,"vampirism:med_chair":1,"minecraft:andesite":8,"minecraft:leather":4,"cobblemon:bluk_berry":10,"minecraft:dirt":14,"cobblemon:pink_apricorn_seed":3,"minecraft:bone":1,"cobblemon:colbur_berry":12,"minecraft:wheat_seeds":3,"cobblemon:black_apricorn":2,"cobblemon:pink_mint_seeds":3,"minecraft:rabbit":1,"duckling:duck_egg":9,"cobblemon:apricorn_planks":2,"cobblemon:red_apricorn_seed":1,"vampirism:cursed_spruce_log":82,"minecraft:sweet_berries":65,"vampirism:dark_spruce_sapling":5,"vampirism:crucifix_normal":1,"minecraft:sand":11,"infinitybuttons:blue_emergency_button":1,"cobblemon:persim_berry":15,"minecraft:stripped_spruce_log":2,"minecraft:spruce_sapling":4,"cobblemon:pink_apricorn":4,"minecraft:spruce_log":44,"cobblemon:aspear_berry":8,"minecraft:spider_eye":1,"minecraft:pumpkin_seeds":2,"minecraft:spruce_boat":2,"waystones:waystone":2,"cobblemon:medicinal_leek":15,"vampirism:vampire_orchid":2,"minecraft:oak_sapling":1,"cobblemon:chesto_berry":5}},"DataVersion":3465}