{"stats":{"minecraft:dropped":{"minecraft:iron_ingot":4,"minecraft:porkchop":5,"minecraft:wheat_seeds":3,"minecraft:oak_log":2,"minecraft:cobblestone":22,"vampirism:hunter_table":1,"minecraft:stick":4,"minecraft:dirt":1,"minecraft:rabbit":1,"vampirism:cursed_earth":2,"minecraft:white_wool":4,"minecraft:furnace":1,"vampirism:dark_spruce_sapling":2,"vampirism:vampire_orchid":1,"minecraft:raw_iron":5,"minecraft:chicken":1,"minecraft:rotten_flesh":2,"cobblemon:chesto_berry":4,"minecraft:oak_planks":93,"minecraft:pumpkin_seeds":2,"minecraft:rabbit_hide":1,"minecraft:spruce_planks":7,"minecraft:andesite":5,"minecraft:oak_sapling":2,"minecraft:arrow":1,"minecraft:wooden_pickaxe":1},"minecraft:custom":{"minecraft:mob_kills":43,"vampirism:killed_with_stake":1,"minecraft:interact_with_crafting_table":33,"minecraft:open_barrel":22,"minecraft:leave_game":4,"minecraft:time_since_death":208489,"minecraft:climb_one_cm":37372,"minecraft:sprint_one_cm":359886,"minecraft:walk_one_cm":488083,"minecraft:drop":75,"vampirism:skills_unlocked":2,"minecraft:talked_to_villager":1,"minecraft:play_time":208489,"minecraft:sneak_time":6615,"minecraft:walk_under_water_one_cm":20788,"minecraft:boat_one_cm":50280,"minecraft:jump":3256,"minecraft:walk_on_water_one_cm":40710,"minecraft:total_world_time":208489,"vampirism:interact_with_injection_chair":2,"minecraft:interact_with_furnace":26,"vampirism:interact_with_research_table":1,"minecraft:sleep_in_bed":6,"minecraft:time_since_rest":9360,"minecraft:damage_taken":1386,"minecraft:damage_dealt":6916,"minecraft:swim_one_cm":18974,"minecraft:fly_one_cm":508645,"minecraft:open_chest":70,"minecraft:crouch_one_cm":11015,"tombstone:undead_killed":4,"minecraft:fall_one_cm":80219},"minecraft:broken":{"minecraft:stone_axe":2},"minecraft:used":{"minecraft:ladder":4,"minecraft:chest":11,"minecraft:spruce_planks":65,"minecraft:cooked_chicken":4,"minecraft:dirt":2,"minecraft:spyglass":1,"minecraft:mutton":12,"minecraft:stripped_spruce_log":2,"minecraft:spruce_boat":3,"minecraft:iron_axe":75,"cobblemon:apricorn_planks":2,"minecraft:sweet_berries":44,"minecraft:oak_sapling":1,"minecraft:furnace":5,"duckling:duck_egg":9,"minecraft:egg":8,"minecraft:cooked_beef":2,"minecraft:cooked_mutton":3,"infinitybuttons:blue_emergency_button":2,"minecraft:stone_pickaxe":82,"minecraft:wooden_pickaxe":14,"minecraft:cobblestone_slab":1,"vampirism:hunter_coat_head_ultimate":1,"minecraft:crafting_table":10,"vampirism:hunter_table":1,"vampirism:stake":41,"minecraft:spruce_log":1,"minecraft:bread":2,"minecraft:spruce_sapling":2,"minecraft:stone_axe":277,"vampirism:garlic_bread":7,"minecraft:cobblestone":23,"minecraft:porkchop":17,"minecraft:cooked_porkchop":1,"minecraft:andesite":2,"vampirism:med_chair":1},"minecraft:killed":{"vampirism:vampire":3,"minecraft:skeleton":2,"minecraft:horse":2,"minecraft:pig":11,"cobblemon:pokemon":6,"minecraft:creeper":1,"minecraft:sheep":7,"minecraft:zombie":2,"minecraft:cow":9},"minecraft:picked_up":{"minecraft:crafting_table":5,"minecraft:chicken":5,"cobblemon:yellow_apricorn":2,"cobblemon:red_apricorn":8,"minecraft:cornflower":2,"minecraft:raw_copper":3,"cobblemon:white_mint_leaf":2,"vampirism:cursed_earth":2,"cobblemon:green_apricorn":16,"minecraft:spruce_planks":18,"minecraft:beef":19,"cobblemon:oran_berry":183,"minecraft:cobblestone_slab":1,"cobblemon:oval_stone":1,"minecraft:spruce_slab":4,"minecraft:chest":7,"cobblemon:green_apricorn_seed":2,"minecraft:furnace":2,"minecraft:egg":8,"minecraft:stick":29,"minecraft:raw_iron":20,"cobblemon:apricorn_log":60,"minecraft:spruce_stairs":24,"minecraft:porkchop":33,"cobblemon:white_mint_seeds":3,"vampirism:hunter_table":2,"minecraft:rotten_flesh":3,"minecraft:arrow":2,"minecraft:honey_bottle":1,"vampirism:cobbled_dark_stone":3,"cobblemon:pink_mint_leaf":1,"minecraft:hay_block":11,"minecraft:mutton":27,"cobblemon:blue_apricorn":4,"minecraft:cobblestone":87,"minecraft:white_wool":31,"minecraft:feather":5,"vampirism:vampire_blood_bottle":2,"vampirism:med_chair":1,"minecraft:andesite":8,"minecraft:leather":12,"cobblemon:bluk_berry":10,"minecraft:oak_log":7,"minecraft:dirt":17,"cobblemon:pink_apricorn_seed":3,"minecraft:bone":1,"cobblemon:colbur_berry":12,"cobblemon:black_apricorn":2,"minecraft:wheat_seeds":3,"minecraft:rabbit_hide":1,"minecraft:iron_ingot":4,"cobblemon:pink_mint_seeds":3,"minecraft:rabbit":2,"minecraft:oak_planks":80,"duckling:duck_egg":9,"cobblemon:apricorn_planks":2,"cobblemon:red_apricorn_seed":1,"vampirism:cursed_spruce_log":82,"minecraft:sweet_berries":65,"vampirism:dark_spruce_sapling":5,"minecraft:sand":11,"vampirism:crucifix_normal":1,"minecraft:spruce_sapling":4,"minecraft:stripped_spruce_log":2,"cobblemon:persim_berry":53,"infinitybuttons:blue_emergency_button":2,"cobblemon:pink_apricorn":4,"minecraft:spruce_log":44,"cobblemon:aspear_berry":8,"minecraft:spider_eye":1,"minecraft:pumpkin_seeds":2,"cobblemon:poke_ball":2,"minecraft:spruce_boat":2,"waystones:waystone":2,"minecraft:oak_sapling":3,"vampirism:vampire_orchid":2,"cobblemon:medicinal_leek":15,"cobblemon:chesto_berry":17},"minecraft:crafted":{"minecraft:oak_planks":20,"vampirism:injection_garlic":1,"minecraft:cooked_chicken":3,"cobblemon:apricorn_planks":20,"usefulbackpacks:backpack_small":1,"vampirism:med_chair":1,"minecraft:furnace":4,"minecraft:stone_button":4,"minecraft:stone":1,"minecraft:cooked_mutton":2,"minecraft:glass_pane":16,"vampirism:injection_empty":1,"minecraft:glass":11,"infinitybuttons:blue_emergency_button":1,"minecraft:iron_axe":1,"minecraft:ladder":9,"minecraft:stone_pickaxe":1,"minecraft:chest":4,"vampirism:stake":2,"minecraft:spruce_boat":1,"minecraft:wheat":99,"minecraft:glass_bottle":3,"minecraft:crafting_table":6,"minecraft:spruce_planks":164,"minecraft:wooden_pickaxe":1,"minecraft:copper_ingot":3,"minecraft:stone_axe":2,"minecraft:air":0,"minecraft:blue_dye":2,"cobblemon:poke_ball":4,"minecraft:stick":28,"minecraft:iron_ingot":11,"minecraft:shears":1},"minecraft:mined":{"minecraft:spruce_planks":5,"cobblemon:colbur_berry":3,"cobblemon:aspear_berry":11,"cobblemon:apricorn_log":60,"minecraft:grass_block":6,"vampirism:vampire_orchid":2,"cobblemon:chesto_berry":5,"minecraft:spruce_leaves":23,"infinitybuttons:blue_emergency_button":2,"vampirism:hunter_table":1,"minecraft:large_fern":3,"minecraft:hay_block":11,"minecraft:furnace":3,"minecraft:iron_ore":15,"minecraft:fire":16,"cobblemon:razz_berry":2,"cobblemon:pink_mint":3,"minecraft:andesite":4,"minecraft:stripped_spruce_log":2,"cobblemon:medicinal_leek":11,"minecraft:cobblestone_slab":1,"minecraft:stone":49,"minecraft:spruce_slab":4,"vampirism:cursed_earth":2,"vampirism:dark_stone":3,"vampirism:cursed_spruce_log":91,"minecraft:powder_snow":27,"cobblemon:apricorn_planks":2,"minecraft:crafting_table":5,"minecraft:cornflower":2,"cobblemon:apricorn_leaves":56,"minecraft:chest":7,"minecraft:dead_bush":1,"minecraft:copper_ore":1,"minecraft:cobblestone":17,"cobblemon:oran_berry":18,"minecraft:seagrass":3,"minecraft:spruce_stairs":24,"minecraft:coarse_dirt":1,"cobblemon:bluk_berry":6,"vampirism:dark_spruce_leaves":3,"minecraft:sweet_berry_bush":32,"vampirism:med_chair":1,"minecraft:spruce_log":45,"vampirism:cursed_roots":1,"minecraft:grass":30,"minecraft:oak_log":5,"cobblemon:white_mint":3,"minecraft:sand":11,"minecraft:dirt":11,"minecraft:oak_leaves":17,"minecraft:fern":7}},"DataVersion":3465}