{"stats":{"minecraft:picked_up":{"minecraft:crafting_table":3,"minecraft:chicken":4,"cobblemon:yellow_apricorn":2,"cobblemon:red_apricorn":7,"minecraft:raw_copper":3,"cobblemon:white_mint_leaf":2,"vampirism:cursed_earth":2,"cobblemon:green_apricorn":16,"minecraft:spruce_planks":16,"cobblemon:oran_berry":15,"minecraft:cobblestone_slab":1,"minecraft:spruce_slab":4,"minecraft:chest":7,"cobblemon:green_apricorn_seed":2,"minecraft:egg":5,"minecraft:stick":25,"minecraft:raw_iron":11,"cobblemon:apricorn_log":55,"minecraft:spruce_stairs":24,"minecraft:porkchop":4,"cobblemon:white_mint_seeds":3,"vampirism:hunter_table":2,"minecraft:arrow":2,"minecraft:rotten_flesh":1,"vampirism:cobbled_dark_stone":3,"cobblemon:pink_mint_leaf":1,"minecraft:hay_block":11,"minecraft:mutton":2,"cobblemon:blue_apricorn":4,"minecraft:cobblestone":70,"minecraft:white_wool":3,"minecraft:feather":4,"vampirism:med_chair":1,"minecraft:andesite":8,"cobblemon:bluk_berry":10,"minecraft:dirt":14,"cobblemon:pink_apricorn_seed":3,"cobblemon:colbur_berry":12,"cobblemon:black_apricorn":2,"cobblemon:pink_mint_seeds":3,"minecraft:rabbit":1,"duckling:duck_egg":4,"cobblemon:red_apricorn_seed":1,"vampirism:cursed_spruce_log":82,"minecraft:sweet_berries":64,"vampirism:dark_spruce_sapling":5,"vampirism:crucifix_normal":1,"minecraft:sand":11,"minecraft:spruce_sapling":3,"cobblemon:pink_apricorn":4,"minecraft:spruce_log":44,"cobblemon:aspear_berry":8,"minecraft:spider_eye":1,"minecraft:pumpkin_seeds":2,"waystones:waystone":2,"vampirism:vampire_orchid":1,"cobblemon:chesto_berry":5,"minecraft:oak_sapling":1},"minecraft:used":{"minecraft:ladder":4,"minecraft:spruce_planks":65,"minecraft:chest":11,"minecraft:cooked_chicken":1,"minecraft:spyglass":1,"minecraft:mutton":2,"minecraft:spruce_boat":1,"minecraft:sweet_berries":43,"minecraft:furnace":2,"minecraft:oak_sapling":1,"duckling:duck_egg":4,"minecraft:egg":5,"minecraft:cooked_beef":2,"minecraft:cooked_mutton":1,"minecraft:stone_pickaxe":59,"minecraft:wooden_pickaxe":14,"minecraft:cobblestone_slab":1,"vampirism:hunter_coat_head_ultimate":1,"minecraft:crafting_table":6,"vampirism:hunter_table":1,"minecraft:spruce_log":1,"minecraft:bread":2,"minecraft:spruce_sapling":1,"minecraft:stone_axe":267,"vampirism:garlic_bread":5,"minecraft:cobblestone":23,"minecraft:porkchop":4,"minecraft:cooked_porkchop":1,"minecraft:andesite":2,"vampirism:med_chair":1},"minecraft:mined":{"minecraft:spruce_planks":5,"cobblemon:colbur_berry":3,"cobblemon:aspear_berry":11,"cobblemon:apricorn_log":55,"minecraft:grass_block":4,"vampirism:vampire_orchid":1,"cobblemon:chesto_berry":5,"minecraft:spruce_leaves":19,"vampirism:hunter_table":1,"minecraft:large_fern":3,"minecraft:hay_block":11,"minecraft:furnace":1,"minecraft:iron_ore":11,"cobblemon:razz_berry":2,"cobblemon:pink_mint":3,"minecraft:andesite":4,"minecraft:cobblestone_slab":1,"minecraft:stone":33,"minecraft:spruce_slab":4,"vampirism:cursed_earth":2,"vampirism:dark_stone":3,"vampirism:cursed_spruce_log":91,"minecraft:powder_snow":27,"minecraft:crafting_table":3,"cobblemon:apricorn_leaves":52,"minecraft:chest":7,"minecraft:cobblestone":16,"minecraft:copper_ore":1,"cobblemon:oran_berry":12,"minecraft:spruce_stairs":24,"cobblemon:bluk_berry":6,"vampirism:dark_spruce_leaves":3,"minecraft:sweet_berry_bush":32,"vampirism:med_chair":1,"minecraft:spruce_log":45,"minecraft:grass":4,"cobblemon:white_mint":3,"minecraft:dirt":10,"minecraft:sand":11,"minecraft:oak_leaves":5,"minecraft:fern":5},"minecraft:broken":{"minecraft:stone_axe":1},"minecraft:killed":{"minecraft:skeleton":1,"minecraft:pig":2,"cobblemon:pokemon":1,"minecraft:sheep":1},"minecraft:custom":{"minecraft:mob_kills":5,"minecraft:interact_with_crafting_table":26,"minecraft:open_barrel":19,"minecraft:time_since_death":117894,"minecraft:climb_one_cm":22814,"minecraft:sprint_one_cm":181170,"minecraft:walk_one_cm":296990,"minecraft:drop":29,"vampirism:skills_unlocked":1,"minecraft:play_time":117894,"minecraft:sneak_time":5714,"minecraft:walk_under_water_one_cm":12630,"minecraft:boat_one_cm":5085,"minecraft:jump":1733,"minecraft:walk_on_water_one_cm":23294,"minecraft:total_world_time":117894,"vampirism:interact_with_injection_chair":2,"minecraft:interact_with_furnace":13,"vampirism:interact_with_research_table":1,"minecraft:sleep_in_bed":4,"minecraft:time_since_rest":6379,"minecraft:damage_taken":740,"minecraft:damage_dealt":580,"minecraft:swim_one_cm":9395,"minecraft:fly_one_cm":205107,"minecraft:open_chest":51,"minecraft:crouch_one_cm":9591,"tombstone:undead_killed":1,"minecraft:fall_one_cm":36328},"minecraft:dropped":{"minecraft:cobblestone":22,"vampirism:hunter_table":1,"vampirism:cursed_earth":2,"minecraft:white_wool":2,"vampirism:dark_spruce_sapling":2,"minecraft:chicken":1,"minecraft:pumpkin_seeds":2,"minecraft:spruce_planks":7,"minecraft:andesite":5,"minecraft:arrow":1,"minecraft:wooden_pickaxe":1},"minecraft:crafted":{"vampirism:injection_garlic":1,"vampirism:med_chair":1,"minecraft:furnace":2,"minecraft:glass_pane":16,"vampirism:injection_empty":1,"minecraft:glass":11,"minecraft:ladder":9,"minecraft:stone_pickaxe":1,"minecraft:chest":4,"vampirism:stake":2,"minecraft:spruce_boat":1,"minecraft:wheat":99,"minecraft:glass_bottle":3,"minecraft:crafting_table":4,"minecraft:spruce_planks":164,"minecraft:wooden_pickaxe":1,"minecraft:copper_ingot":3,"minecraft:stone_axe":2,"minecraft:air":0,"cobblemon:poke_ball":4,"minecraft:stick":28,"minecraft:iron_ingot":11}},"DataVersion":3465}