{"stats":{"minecraft:picked_up":{"minecraft:crafting_table":1,"minecraft:feather":1,"minecraft:chicken":1,"minecraft:andesite":8,"cobblemon:yellow_apricorn":2,"cobblemon:red_apricorn":7,"cobblemon:bluk_berry":10,"minecraft:dirt":13,"cobblemon:pink_apricorn_seed":1,"minecraft:raw_copper":3,"cobblemon:black_apricorn":1,"vampirism:cursed_earth":2,"cobblemon:green_apricorn":7,"minecraft:spruce_planks":16,"cobblemon:pink_mint_seeds":3,"minecraft:cobblestone_slab":1,"minecraft:spruce_slab":4,"minecraft:chest":7,"cobblemon:green_apricorn_seed":1,"minecraft:egg":1,"cobblemon:red_apricorn_seed":1,"minecraft:stick":8,"cobblemon:apricorn_log":30,"minecraft:spruce_stairs":24,"minecraft:porkchop":4,"vampirism:crucifix_normal":1,"minecraft:spruce_sapling":3,"cobblemon:pink_apricorn":2,"minecraft:spruce_log":39,"cobblemon:aspear_berry":8,"vampirism:hunter_table":2,"minecraft:arrow":2,"vampirism:cobbled_dark_stone":3,"cobblemon:pink_mint_leaf":1,"minecraft:mutton":2,"minecraft:white_wool":3,"minecraft:cobblestone":58},"minecraft:used":{"minecraft:stone_pickaxe":33,"minecraft:ladder":4,"minecraft:chest":11,"minecraft:spruce_planks":53,"minecraft:wooden_pickaxe":14,"minecraft:cobblestone_slab":1,"minecraft:spyglass":1,"minecraft:mutton":2,"minecraft:crafting_table":4,"minecraft:spruce_log":1,"minecraft:spruce_sapling":1,"minecraft:stone_axe":127,"minecraft:cobblestone":11,"minecraft:furnace":1,"minecraft:porkchop":4,"minecraft:andesite":2,"minecraft:egg":1,"minecraft:cooked_beef":2},"minecraft:mined":{"vampirism:cursed_earth":2,"minecraft:spruce_planks":5,"vampirism:dark_stone":3,"cobblemon:aspear_berry":11,"cobblemon:apricorn_log":30,"minecraft:crafting_table":1,"cobblemon:apricorn_leaves":36,"minecraft:grass_block":4,"minecraft:chest":7,"minecraft:copper_ore":1,"minecraft:cobblestone":10,"minecraft:spruce_leaves":19,"vampirism:hunter_table":1,"cobblemon:oran_berry":4,"minecraft:spruce_stairs":24,"minecraft:furnace":1,"cobblemon:bluk_berry":6,"vampirism:dark_spruce_leaves":3,"minecraft:spruce_log":40,"cobblemon:pink_mint":3,"minecraft:andesite":4,"minecraft:cobblestone_slab":1,"minecraft:dirt":9,"minecraft:stone":27,"minecraft:spruce_slab":4,"minecraft:fern":2},"minecraft:killed":{"minecraft:pig":2,"minecraft:sheep":1,"minecraft:skeleton":1},"minecraft:custom":{"minecraft:interact_with_furnace":3,"minecraft:mob_kills":4,"minecraft:interact_with_crafting_table":11,"vampirism:interact_with_research_table":1,"minecraft:open_barrel":14,"minecraft:time_since_death":39894,"minecraft:climb_one_cm":6492,"minecraft:time_since_rest":39894,"minecraft:sprint_one_cm":50148,"minecraft:damage_taken":260,"minecraft:walk_one_cm":130475,"minecraft:drop":22,"minecraft:damage_dealt":480,"minecraft:swim_one_cm":4269,"minecraft:fly_one_cm":74020,"minecraft:open_chest":27,"minecraft:crouch_one_cm":5953,"minecraft:play_time":39894,"tombstone:undead_killed":1,"minecraft:sneak_time":3279,"minecraft:walk_under_water_one_cm":1045,"minecraft:jump":707,"minecraft:walk_on_water_one_cm":1003,"minecraft:total_world_time":39894,"minecraft:fall_one_cm":10453},"minecraft:dropped":{"minecraft:chicken":1,"minecraft:cobblestone":22,"vampirism:hunter_table":1,"minecraft:spruce_planks":4,"minecraft:andesite":5,"vampirism:cursed_earth":2,"minecraft:arrow":1,"minecraft:wooden_pickaxe":1,"minecraft:white_wool":2},"minecraft:crafted":{"minecraft:crafting_table":3,"minecraft:spruce_planks":136,"minecraft:wooden_pickaxe":1,"minecraft:furnace":1,"minecraft:copper_ingot":3,"minecraft:stone_axe":1,"minecraft:air":0,"cobblemon:poke_ball":4,"minecraft:ladder":9,"minecraft:stick":20,"minecraft:stone_pickaxe":1,"minecraft:chest":4}},"DataVersion":3465}