{"stats":{"minecraft:crafted":{"minecraft:smooth_stone":3,"minecraft:oak_planks":28,"vampirism:injection_garlic":1,"vampirism:garlic_bread":14,"minecraft:cooked_chicken":3,"cobblemon:apricorn_planks":20,"usefulbackpacks:backpack_small":2,"vampirism:med_chair":1,"minecraft:stone":4,"minecraft:cooked_mutton":2,"minecraft:glass":11,"minecraft:chest":4,"vampirism:stake":4,"cobblemon:azure_ball":4,"minecraft:glass_bottle":3,"minecraft:crafting_table":7,"minecraft:spruce_planks":184,"minecraft:wooden_pickaxe":1,"minecraft:copper_ingot":3,"cobblemon:poke_ball":4,"minecraft:iron_chestplate":1,"minecraft:charcoal":21,"minecraft:stick":68,"usefulbackpacks:backpack_large":2,"minecraft:iron_ingot":88,"minecraft:iron_pickaxe":5,"minecraft:gold_ingot":9,"infinitybuttons:blue_safe_emergency_button":1,"minecraft:shears":1,"vampirism:cursed_spruce_boat":1,"vampirism:cursed_spruce_planks":248,"minecraft:furnace":5,"minecraft:stone_button":4,"minecraft:blast_furnace":1,"cobblemon:premier_ball":4,"minecraft:glass_pane":16,"vampirism:injection_empty":1,"infinitybuttons:blue_emergency_button":1,"minecraft:iron_axe":2,"minecraft:ladder":9,"minecraft:stone_pickaxe":1,"usefulbackpacks:backpack_medium":2,"minecraft:spruce_boat":2,"minecraft:wheat":99,"minecraft:stone_axe":2,"minecraft:bread":33,"minecraft:air":0,"minecraft:blue_dye":2,"cobblemon:dusk_ball":12,"minecraft:torch":248},"minecraft:killed":{"vampirism:vampire":22,"minecraft:spider":4,"minecraft:skeleton":4,"vampirism:task_master_vampire":1,"minecraft:pig":11,"minecraft:creeper":4,"minecraft:sheep":8,"minecraft:zombie":5,"minecraft:cow":26,"minecraft:horse":3,"vampirism:villager_converted":2,"cobblemon:pokemon":7,"minecraft:enderman":1},"minecraft:used":{"minecraft:ladder":4,"vampirism:cursed_spruce_planks":56,"minecraft:chest":11,"minecraft:grass":2,"minecraft:iron_chestplate":1,"minecraft:mutton":20,"minecraft:stripped_spruce_log":2,"minecraft:spruce_boat":8,"cobblemon:apricorn_planks":23,"minecraft:sweet_berries":44,"minecraft:furnace":9,"minecraft:oak_sapling":1,"minecraft:egg":8,"minecraft:diorite":2,"infinitybuttons:blue_emergency_button":2,"minecraft:stone_pickaxe":131,"minecraft:wooden_pickaxe":14,"minecraft:blue_bed":3,"vampirism:hunter_coat_head_ultimate":1,"minecraft:blast_furnace":1,"vampirism:stake":232,"minecraft:shears":2,"waystones:waystone":5,"minecraft:bread":8,"vampirism:garlic_bread":35,"minecraft:andesite":2,"vampirism:med_chair":1,"minecraft:spruce_planks":74,"minecraft:cooked_chicken":4,"minecraft:torch":233,"minecraft:dirt":50,"minecraft:spyglass":2,"minecraft:granite":4,"minecraft:iron_axe":311,"vampirism:cursed_spruce_boat":2,"minecraft:beef":48,"duckling:duck_egg":13,"minecraft:cooked_beef":4,"minecraft:cobbled_deepslate":189,"minecraft:cooked_mutton":4,"infinitybuttons:blue_safe_emergency_button":2,"minecraft:cobblestone_slab":1,"minecraft:crafting_table":24,"vampirism:hunter_table":1,"minecraft:spruce_log":1,"minecraft:iron_pickaxe":1217,"minecraft:spruce_sapling":2,"minecraft:stone_axe":277,"minecraft:cobblestone":62,"minecraft:cooked_porkchop":1,"minecraft:porkchop":20},"minecraft:picked_up":{"cobblemon:red_apricorn":8,"cobblemon:wepear_berry":4,"minecraft:string":9,"minecraft:raw_copper":32,"vampirism:cursed_spruce_planks":25,"minecraft:cobbled_deepslate":645,"cobblemon:white_apricorn_seed":4,"minecraft:spruce_planks":18,"cobblemon:oran_berry":334,"minecraft:rose_bush":3,"minecraft:cobblestone_slab":1,"cobblemon:big_root":5,"cobblemon:red_mint_leaf":1,"minecraft:furnace":7,"minecraft:stick":65,"cobblemon:apricorn_log":115,"minecraft:torch":17,"minecraft:spruce_stairs":26,"minecraft:porkchop":36,"cobblemon:white_mint_seeds":3,"minecraft:diorite":2,"vampirism:vampire_fang":5,"vampirism:hunter_table":3,"minecraft:rotten_flesh":9,"minecraft:honey_bottle":1,"minecraft:cobblestone":289,"minecraft:feather":11,"vampirism:med_chair":1,"minecraft:andesite":26,"cobblemon:pinap_berry":1,"minecraft:tuff":62,"cobblemon:bluk_berry":10,"minecraft:lapis_lazuli":90,"minecraft:dirt":65,"minecraft:bone":1,"cobblemon:colbur_berry":12,"infinitybuttons:blue_safe_emergency_button":2,"cobblemon:black_apricorn":9,"minecraft:wheat_seeds":5,"minecraft:raw_gold":22,"minecraft:rabbit":5,"minecraft:oak_planks":80,"duckling:duck_egg":13,"cobblemon:apricorn_planks":3,"vampirism:cursed_spruce_log":169,"vampirism:dark_spruce_sapling":9,"vampirism:crucifix_normal":1,"cobblemon:aguav_berry":1,"minecraft:sand":11,"minecraft:stripped_spruce_log":5,"cobblemon:persim_berry":64,"infinitybuttons:blue_emergency_button":2,"cobblemon:aspear_berry":21,"cobblemon:red_mint_seeds":1,"cobblemon:poke_ball":2,"minecraft:spruce_boat":6,"waystones:waystone":6,"minecraft:granite":6,"minecraft:grass":2,"minecraft:oak_sapling":5,"cobblemon:medicinal_leek":17,"cobblemon:chesto_berry":17,"minecraft:charcoal":1,"minecraft:crafting_table":18,"minecraft:chicken":17,"cobblemon:yellow_apricorn":9,"minecraft:cornflower":2,"cobblemon:white_mint_leaf":2,"cobblemon:white_apricorn":12,"vampirism:cursed_earth":3,"cobblemon:green_apricorn":19,"minecraft:beef":49,"cobblemon:oval_stone":1,"minecraft:spruce_slab":4,"minecraft:sugar_cane":15,"minecraft:chest":7,"cobblemon:green_apricorn_seed":2,"minecraft:egg":13,"minecraft:dark_oak_sapling":2,"minecraft:raw_iron":105,"cobblemon:rawst_berry":12,"minecraft:redstone":8,"minecraft:arrow":2,"vampirism:cobbled_dark_stone":25,"vampirism:cursed_spruce_boat":1,"cobblemon:pink_mint_leaf":5,"minecraft:hay_block":21,"cobblemon:absorb_bulb":1,"minecraft:mutton":30,"cobblemon:blue_apricorn":14,"minecraft:white_wool":123,"vampirism:vampire_blood_bottle":12,"minecraft:leather":30,"cobblemon:kebia_berry":10,"minecraft:oak_log":9,"minecraft:cobblestone_wall":1,"minecraft:blue_bed":7,"cobblemon:pink_apricorn_seed":6,"minecraft:rabbit_hide":2,"minecraft:iron_ingot":4,"cobblemon:pink_mint_seeds":7,"cobblemon:red_apricorn_seed":1,"minecraft:sweet_berries":70,"minecraft:dripstone_block":1,"cobblemon:blue_apricorn_seed":3,"cobblemon:dusk_ball":2,"minecraft:gravel":5,"cobblemon:premier_ball":4,"cobblemon:yellow_apricorn_seed":1,"cobblemon:pink_apricorn":8,"minecraft:blast_furnace":1,"minecraft:spruce_sapling":4,"minecraft:spruce_log":46,"minecraft:spider_eye":1,"minecraft:pumpkin_seeds":2,"vampirism:vampire_orchid":2,"minecraft:coal":42},"minecraft:broken":{"minecraft:stone_pickaxe":1,"minecraft:stone_axe":2,"vampirism:stake":3,"minecraft:iron_axe":1,"minecraft:iron_pickaxe":4},"minecraft:custom":{"minecraft:interact_with_crafting_table":66,"minecraft:open_barrel":24,"minecraft:bell_ring":1,"minecraft:leave_game":4,"minecraft:time_since_death":562476,"minecraft:sprint_one_cm":870443,"minecraft:drop":90,"minecraft:talked_to_villager":1,"minecraft:play_time":562476,"minecraft:jump":7606,"minecraft:walk_on_water_one_cm":97296,"minecraft:interact_with_furnace":45,"vampirism:interact_with_research_table":1,"minecraft:sleep_in_bed":15,"minecraft:waystone_activated":5,"minecraft:damage_dealt":18732,"minecraft:crouch_one_cm":27537,"tombstone:undead_killed":9,"tombstone:villager_killed":2,"minecraft:mob_kills":99,"vampirism:killed_with_stake":21,"minecraft:damage_dealt_resisted":459,"minecraft:climb_one_cm":55061,"minecraft:walk_one_cm":1073617,"vampirism:skills_unlocked":3,"vampirism:capture_village":1,"minecraft:sneak_time":16589,"minecraft:walk_under_water_one_cm":38545,"minecraft:boat_one_cm":412706,"minecraft:interact_with_blast_furnace":6,"minecraft:total_world_time":562476,"vampirism:win_village_capture":1,"vampirism:interact_with_injection_chair":2,"vampirism:interact_with_garlic_diffuser":1,"minecraft:time_since_rest":56168,"minecraft:damage_taken":3532,"minecraft:swim_one_cm":53258,"minecraft:fly_one_cm":1233722,"minecraft:open_chest":86,"minecraft:fall_one_cm":190244},"minecraft:mined":{"minecraft:spruce_planks":5,"cobblemon:colbur_berry":3,"cobblemon:big_root":5,"cobblemon:apricorn_log":115,"minecraft:granite":6,"minecraft:grass_block":28,"infinitybuttons:blue_emergency_button":2,"vampirism:hunter_table":2,"minecraft:iron_ore":85,"minecraft:cobbled_deepslate":82,"minecraft:fire":16,"minecraft:deepslate_lapis_ore":10,"cobblemon:medicinal_leek":12,"minecraft:spruce_slab":4,"minecraft:deepslate_redstone_ore":2,"minecraft:powder_snow":27,"minecraft:torch":5,"cobblemon:apricorn_planks":3,"cobblemon:apricorn_leaves":88,"minecraft:blast_furnace":1,"minecraft:chest":7,"minecraft:dead_bush":1,"minecraft:cobblestone":19,"minecraft:sugar_cane":5,"minecraft:wall_torch":8,"minecraft:seagrass":3,"cobblemon:red_mint":1,"cobblemon:bluk_berry":6,"vampirism:dark_spruce_leaves":3,"vampirism:med_chair":1,"minecraft:grass":45,"minecraft:oak_log":7,"cobblemon:white_mint":3,"minecraft:sand":11,"minecraft:dirt":41,"minecraft:oak_leaves":34,"minecraft:deepslate":667,"minecraft:suspicious_gravel":3,"vampirism:cursed_spruce_planks":3,"minecraft:tuff":75,"cobblemon:aspear_berry":11,"infinitybuttons:blue_safe_emergency_button":1,"vampirism:vampire_orchid":2,"cobblemon:chesto_berry":5,"minecraft:spruce_leaves":26,"minecraft:large_fern":3,"minecraft:hay_block":21,"minecraft:redstone_ore":1,"minecraft:furnace":8,"cobblemon:razz_berry":2,"cobblemon:pink_mint":6,"minecraft:andesite":22,"minecraft:stripped_spruce_log":7,"minecraft:deepslate_iron_ore":15,"minecraft:cobblestone_slab":1,"minecraft:stone":249,"vampirism:cursed_earth":3,"vampirism:dark_stone":25,"vampirism:cursed_spruce_log":139,"minecraft:crafting_table":18,"minecraft:cornflower":2,"cobblemon:wepear_berry":3,"minecraft:tall_grass":3,"minecraft:copper_ore":10,"minecraft:lapis_ore":3,"minecraft:deepslate_gold_ore":17,"cobblemon:oran_berry":22,"minecraft:diorite":2,"minecraft:blue_bed":7,"minecraft:spruce_stairs":26,"minecraft:coarse_dirt":1,"minecraft:cobblestone_wall":1,"minecraft:sweet_berry_bush":34,"minecraft:spruce_log":49,"minecraft:birch_leaves":1,"vampirism:cursed_roots":1,"minecraft:coal_ore":42,"minecraft:gravel":9,"minecraft:dripstone_block":1,"minecraft:gold_ore":5,"minecraft:fern":7},"minecraft:dropped":{"minecraft:porkchop":5,"minecraft:oak_log":2,"minecraft:dark_oak_sapling":1,"minecraft:dirt":1,"minecraft:mutton":1,"minecraft:white_wool":4,"minecraft:gravel":1,"vampirism:vampire_orchid":1,"minecraft:rotten_flesh":7,"cobblemon:chesto_berry":4,"minecraft:oak_planks":93,"minecraft:rabbit_hide":1,"minecraft:charcoal":1,"minecraft:arrow":1,"minecraft:iron_ingot":4,"minecraft:wheat_seeds":5,"minecraft:cobblestone":23,"minecraft:granite":1,"vampirism:hunter_table":1,"cobblemon:oran_berry":26,"minecraft:stick":4,"minecraft:rabbit":1,"vampirism:cursed_earth":2,"minecraft:furnace":1,"vampirism:dark_spruce_sapling":2,"minecraft:raw_iron":5,"minecraft:chicken":1,"minecraft:pumpkin_seeds":2,"minecraft:spruce_planks":7,"minecraft:andesite":5,"minecraft:oak_sapling":3,"minecraft:wooden_pickaxe":1}},"DataVersion":3465}