{"stats":{"minecraft:picked_up":{"minecraft:stick":1,"minecraft:crafting_table":1,"minecraft:spruce_sapling":1,"minecraft:spruce_log":16,"minecraft:dirt":12,"minecraft:cobblestone":14},"minecraft:mined":{"minecraft:grass_block":3,"minecraft:dirt":9,"minecraft:spruce_log":16,"minecraft:stone":14,"minecraft:crafting_table":1},"minecraft:used":{"minecraft:stone_axe":12,"minecraft:crafting_table":1,"minecraft:wooden_pickaxe":14,"minecraft:spruce_sapling":1},"minecraft:custom":{"minecraft:time_since_rest":3894,"minecraft:crouch_one_cm":10,"minecraft:play_time":3894,"minecraft:sprint_one_cm":1605,"minecraft:walk_one_cm":10877,"minecraft:sneak_time":3,"minecraft:drop":1,"minecraft:jump":36,"minecraft:time_since_death":3894,"minecraft:total_world_time":3894,"minecraft:interact_with_crafting_table":3,"minecraft:fall_one_cm":418,"minecraft:fly_one_cm":987},"minecraft:dropped":{"minecraft:wooden_pickaxe":1},"minecraft:crafted":{"minecraft:furnace":1,"minecraft:stone_axe":1,"minecraft:crafting_table":1,"minecraft:spruce_planks":24,"minecraft:stick":8,"minecraft:stone_pickaxe":1,"minecraft:wooden_pickaxe":1}},"DataVersion":3465}