{"stats":{"minecraft:picked_up":{"minecraft:crafting_table":1,"minecraft:feather":1,"minecraft:chicken":1,"minecraft:andesite":1,"cobblemon:yellow_apricorn":2,"cobblemon:red_apricorn":7,"cobblemon:bluk_berry":10,"minecraft:dirt":13,"cobblemon:pink_apricorn_seed":1,"minecraft:raw_copper":3,"cobblemon:black_apricorn":1,"cobblemon:green_apricorn":7,"minecraft:spruce_planks":3,"cobblemon:pink_mint_seeds":3,"cobblemon:green_apricorn_seed":1,"minecraft:egg":1,"cobblemon:red_apricorn_seed":1,"minecraft:stick":8,"cobblemon:apricorn_log":30,"minecraft:porkchop":4,"minecraft:spruce_sapling":3,"cobblemon:pink_apricorn":2,"minecraft:spruce_log":34,"cobblemon:aspear_berry":8,"vampirism:hunter_table":2,"minecraft:arrow":1,"vampirism:cobbled_dark_stone":3,"cobblemon:pink_mint_leaf":1,"minecraft:mutton":2,"minecraft:white_wool":1,"minecraft:cobblestone":25},"minecraft:used":{"minecraft:stone_pickaxe":17,"minecraft:spruce_planks":34,"minecraft:wooden_pickaxe":14,"minecraft:mutton":2,"minecraft:crafting_table":3,"minecraft:spruce_sapling":1,"minecraft:stone_axe":84,"minecraft:cobblestone":1,"minecraft:porkchop":4,"minecraft:egg":1,"minecraft:cooked_beef":2},"minecraft:mined":{"minecraft:spruce_planks":3,"vampirism:dark_stone":3,"cobblemon:aspear_berry":11,"cobblemon:apricorn_log":30,"minecraft:crafting_table":1,"cobblemon:apricorn_leaves":36,"minecraft:grass_block":4,"minecraft:copper_ore":1,"minecraft:cobblestone":1,"minecraft:spruce_leaves":19,"vampirism:hunter_table":1,"cobblemon:oran_berry":4,"cobblemon:bluk_berry":6,"minecraft:spruce_log":35,"cobblemon:pink_mint":3,"minecraft:andesite":1,"minecraft:dirt":9,"minecraft:stone":25,"minecraft:fern":2},"minecraft:killed":{"minecraft:pig":2,"minecraft:sheep":1,"minecraft:skeleton":1},"minecraft:custom":{"minecraft:mob_kills":4,"minecraft:interact_with_crafting_table":5,"vampirism:interact_with_research_table":1,"minecraft:open_barrel":4,"minecraft:time_since_death":27894,"minecraft:climb_one_cm":1924,"minecraft:time_since_rest":27894,"minecraft:sprint_one_cm":43097,"minecraft:damage_taken":260,"minecraft:walk_one_cm":95664,"minecraft:drop":4,"minecraft:damage_dealt":480,"minecraft:swim_one_cm":4269,"minecraft:fly_one_cm":68877,"minecraft:open_chest":8,"minecraft:crouch_one_cm":3058,"minecraft:play_time":27894,"tombstone:undead_killed":1,"minecraft:sneak_time":1163,"minecraft:walk_under_water_one_cm":1045,"minecraft:jump":640,"minecraft:walk_on_water_one_cm":1003,"minecraft:total_world_time":27894,"minecraft:fall_one_cm":10244},"minecraft:dropped":{"minecraft:chicken":1,"minecraft:cobblestone":10,"vampirism:hunter_table":1,"minecraft:wooden_pickaxe":1},"minecraft:crafted":{"minecraft:crafting_table":2,"minecraft:spruce_planks":136,"minecraft:wooden_pickaxe":1,"minecraft:furnace":1,"minecraft:stone_axe":1,"minecraft:stick":8,"minecraft:stone_pickaxe":1}},"DataVersion":3465}