{
  "uuid": "e3edb963-c651-3ab5-8adb-d1ec0d9db601",
  "starterPrompted": true,
  "starterLocked": false,
  "starterSelected": true,
  "starterUUID": "343b69f3-61c0-4a30-b38b-d193599857a9",
  "keyItems": [],
  "battleTheme": "cobblemon:battle.pvp.default",
  "extraData": {},
  "advancementData": {
    "totalCaptureCount": 0,
    "totalEggsHatched": 0,
    "totalEvolvedCount": 0,
    "totalBattleVictoryCount": 4,
    "totalPvPBattleVictoryCount": 0,
    "totalPvWBattleVictoryCount": 4,
    "totalPvNBattleVictoryCount": 0,
    "totalShinyCaptureCount": 0,
    "totalTradedCount": 0,
    "totalTypeCaptureCounts": {},
    "totalDefeatedCounts": {
      "cobblemon:pineco": 1,
      "cobblemon:rookidee": 1,
      "cobblemon:bunnelby": 1,
      "cobblemon:starly": 1
    },
    "aspectsCollected": {}
  }
}